cell_id,icp_type,query,lat,lng,zoom,priority
al-huntsville-q0,pool,Swimming pool contractor,34.7304,-86.5859,13,P1
al-huntsville-q1,kw:pool,swimming pool builder,34.7304,-86.5859,13,P3
al-huntsville-q2,kw:pool,inground pool installation,34.7304,-86.5859,13,P3
al-huntsville-q3,kw:pool,fiberglass pool installation,34.7304,-86.5859,13,P3
al-birmingham-q0,pool,Swimming pool contractor,33.5207,-86.8025,13,P1
al-birmingham-q1,kw:pool,swimming pool builder,33.5207,-86.8025,13,P3
al-birmingham-q2,kw:pool,inground pool installation,33.5207,-86.8025,13,P3
al-birmingham-q3,kw:pool,fiberglass pool installation,33.5207,-86.8025,13,P3
al-montgomery-q0,pool,Swimming pool contractor,32.3668,-86.3,13,P1
al-montgomery-q1,kw:pool,swimming pool builder,32.3668,-86.3,13,P3
al-montgomery-q2,kw:pool,inground pool installation,32.3668,-86.3,13,P3
al-montgomery-q3,kw:pool,fiberglass pool installation,32.3668,-86.3,13,P3
al-mobile-q0,pool,Swimming pool contractor,30.6944,-88.043,13,P1
al-mobile-q1,kw:pool,swimming pool builder,30.6944,-88.043,13,P3
al-mobile-q2,kw:pool,inground pool installation,30.6944,-88.043,13,P3
al-mobile-q3,kw:pool,fiberglass pool installation,30.6944,-88.043,13,P3
al-tuscaloosa-q0,pool,Swimming pool contractor,33.2098,-87.5692,13,P1
al-tuscaloosa-q1,kw:pool,swimming pool builder,33.2098,-87.5692,13,P3
al-tuscaloosa-q2,kw:pool,inground pool installation,33.2098,-87.5692,13,P3
al-tuscaloosa-q3,kw:pool,fiberglass pool installation,33.2098,-87.5692,13,P3
al-dothan-q0,pool,Swimming pool contractor,31.2232,-85.3905,13,P1
al-dothan-q1,kw:pool,swimming pool builder,31.2232,-85.3905,13,P3
al-dothan-q2,kw:pool,inground pool installation,31.2232,-85.3905,13,P3
al-dothan-q3,kw:pool,fiberglass pool installation,31.2232,-85.3905,13,P3
al-auburn-q0,pool,Swimming pool contractor,32.6099,-85.4808,13,P1
al-auburn-q1,kw:pool,swimming pool builder,32.6099,-85.4808,13,P3
al-auburn-q2,kw:pool,inground pool installation,32.6099,-85.4808,13,P3
al-auburn-q3,kw:pool,fiberglass pool installation,32.6099,-85.4808,13,P3
al-decatur-q0,pool,Swimming pool contractor,34.6059,-86.9833,13,P1
al-decatur-q1,kw:pool,swimming pool builder,34.6059,-86.9833,13,P3
al-decatur-q2,kw:pool,inground pool installation,34.6059,-86.9833,13,P3
al-decatur-q3,kw:pool,fiberglass pool installation,34.6059,-86.9833,13,P3
al-florence-q0,pool,Swimming pool contractor,34.7998,-87.6773,13,P1
al-florence-q1,kw:pool,swimming pool builder,34.7998,-87.6773,13,P3
al-florence-q2,kw:pool,inground pool installation,34.7998,-87.6773,13,P3
al-florence-q3,kw:pool,fiberglass pool installation,34.7998,-87.6773,13,P3
al-phenix-city-q0,pool,Swimming pool contractor,32.471,-85.0008,13,P1
al-phenix-city-q1,kw:pool,swimming pool builder,32.471,-85.0008,13,P3
al-phenix-city-q2,kw:pool,inground pool installation,32.471,-85.0008,13,P3
al-phenix-city-q3,kw:pool,fiberglass pool installation,32.471,-85.0008,13,P3
al-gadsden-q0,pool,Swimming pool contractor,34.0143,-86.0064,13,P1
al-gadsden-q1,kw:pool,swimming pool builder,34.0143,-86.0064,13,P3
al-gadsden-q2,kw:pool,inground pool installation,34.0143,-86.0064,13,P3
al-gadsden-q3,kw:pool,fiberglass pool installation,34.0143,-86.0064,13,P3
al-alabaster-q0,pool,Swimming pool contractor,33.2443,-86.8164,13,P1
al-alabaster-q1,kw:pool,swimming pool builder,33.2443,-86.8164,13,P3
al-alabaster-q2,kw:pool,inground pool installation,33.2443,-86.8164,13,P3
al-alabaster-q3,kw:pool,fiberglass pool installation,33.2443,-86.8164,13,P3
al-enterprise-q0,pool,Swimming pool contractor,31.3152,-85.8552,13,P1
al-enterprise-q1,kw:pool,swimming pool builder,31.3152,-85.8552,13,P3
al-enterprise-q2,kw:pool,inground pool installation,31.3152,-85.8552,13,P3
al-enterprise-q3,kw:pool,fiberglass pool installation,31.3152,-85.8552,13,P3
ar-little-rock-q0,pool,Swimming pool contractor,34.7465,-92.2896,13,P1
ar-little-rock-q1,kw:pool,swimming pool builder,34.7465,-92.2896,13,P3
ar-little-rock-q2,kw:pool,inground pool installation,34.7465,-92.2896,13,P3
ar-little-rock-q3,kw:pool,fiberglass pool installation,34.7465,-92.2896,13,P3
ar-fort-smith-q0,pool,Swimming pool contractor,35.3859,-94.3986,13,P1
ar-fort-smith-q1,kw:pool,swimming pool builder,35.3859,-94.3986,13,P3
ar-fort-smith-q2,kw:pool,inground pool installation,35.3859,-94.3986,13,P3
ar-fort-smith-q3,kw:pool,fiberglass pool installation,35.3859,-94.3986,13,P3
ar-fayetteville-q0,pool,Swimming pool contractor,36.0626,-94.1574,13,P1
ar-fayetteville-q1,kw:pool,swimming pool builder,36.0626,-94.1574,13,P3
ar-fayetteville-q2,kw:pool,inground pool installation,36.0626,-94.1574,13,P3
ar-fayetteville-q3,kw:pool,fiberglass pool installation,36.0626,-94.1574,13,P3
ar-jonesboro-q0,pool,Swimming pool contractor,35.8423,-90.7043,13,P1
ar-jonesboro-q1,kw:pool,swimming pool builder,35.8423,-90.7043,13,P3
ar-jonesboro-q2,kw:pool,inground pool installation,35.8423,-90.7043,13,P3
ar-jonesboro-q3,kw:pool,fiberglass pool installation,35.8423,-90.7043,13,P3
ar-conway-q0,pool,Swimming pool contractor,35.0887,-92.4421,13,P1
ar-conway-q1,kw:pool,swimming pool builder,35.0887,-92.4421,13,P3
ar-conway-q2,kw:pool,inground pool installation,35.0887,-92.4421,13,P3
ar-conway-q3,kw:pool,fiberglass pool installation,35.0887,-92.4421,13,P3
ar-rogers-q0,pool,Swimming pool contractor,36.332,-94.1185,13,P1
ar-rogers-q1,kw:pool,swimming pool builder,36.332,-94.1185,13,P3
ar-rogers-q2,kw:pool,inground pool installation,36.332,-94.1185,13,P3
ar-rogers-q3,kw:pool,fiberglass pool installation,36.332,-94.1185,13,P3
ar-pine-bluff-q0,pool,Swimming pool contractor,34.2284,-92.0032,13,P1
ar-pine-bluff-q1,kw:pool,swimming pool builder,34.2284,-92.0032,13,P3
ar-pine-bluff-q2,kw:pool,inground pool installation,34.2284,-92.0032,13,P3
ar-pine-bluff-q3,kw:pool,fiberglass pool installation,34.2284,-92.0032,13,P3
ar-hot-springs-q0,pool,Swimming pool contractor,34.5037,-93.0552,13,P1
ar-hot-springs-q1,kw:pool,swimming pool builder,34.5037,-93.0552,13,P3
ar-hot-springs-q2,kw:pool,inground pool installation,34.5037,-93.0552,13,P3
ar-hot-springs-q3,kw:pool,fiberglass pool installation,34.5037,-93.0552,13,P3
ar-benton-q0,pool,Swimming pool contractor,34.5645,-92.5868,13,P1
ar-benton-q1,kw:pool,swimming pool builder,34.5645,-92.5868,13,P3
ar-benton-q2,kw:pool,inground pool installation,34.5645,-92.5868,13,P3
ar-benton-q3,kw:pool,fiberglass pool installation,34.5645,-92.5868,13,P3
ar-texarkana-q0,pool,Swimming pool contractor,33.4418,-94.0377,13,P1
ar-texarkana-q1,kw:pool,swimming pool builder,33.4418,-94.0377,13,P3
ar-texarkana-q2,kw:pool,inground pool installation,33.4418,-94.0377,13,P3
ar-texarkana-q3,kw:pool,fiberglass pool installation,33.4418,-94.0377,13,P3
ar-russellville-q0,pool,Swimming pool contractor,35.2784,-93.1338,13,P1
ar-russellville-q1,kw:pool,swimming pool builder,35.2784,-93.1338,13,P3
ar-russellville-q2,kw:pool,inground pool installation,35.2784,-93.1338,13,P3
ar-russellville-q3,kw:pool,fiberglass pool installation,35.2784,-93.1338,13,P3
ar-paragould-q0,pool,Swimming pool contractor,36.0584,-90.4973,13,P1
ar-paragould-q1,kw:pool,swimming pool builder,36.0584,-90.4973,13,P3
ar-paragould-q2,kw:pool,inground pool installation,36.0584,-90.4973,13,P3
ar-paragould-q3,kw:pool,fiberglass pool installation,36.0584,-90.4973,13,P3
ar-cabot-q0,pool,Swimming pool contractor,34.9745,-92.0165,13,P1
ar-cabot-q1,kw:pool,swimming pool builder,34.9745,-92.0165,13,P3
ar-cabot-q2,kw:pool,inground pool installation,34.9745,-92.0165,13,P3
ar-cabot-q3,kw:pool,fiberglass pool installation,34.9745,-92.0165,13,P3
ar-west-memphis-q0,pool,Swimming pool contractor,35.1465,-90.1845,13,P1
ar-west-memphis-q1,kw:pool,swimming pool builder,35.1465,-90.1845,13,P3
ar-west-memphis-q2,kw:pool,inground pool installation,35.1465,-90.1845,13,P3
ar-west-memphis-q3,kw:pool,fiberglass pool installation,35.1465,-90.1845,13,P3
az-phoenix-q0,pool,Swimming pool contractor,33.4484,-112.074,13,P1
az-phoenix-q1,kw:pool,swimming pool builder,33.4484,-112.074,13,P3
az-phoenix-q2,kw:pool,inground pool installation,33.4484,-112.074,13,P3
az-phoenix-q3,kw:pool,fiberglass pool installation,33.4484,-112.074,13,P3
az-tucson-q0,pool,Swimming pool contractor,32.2217,-110.9265,13,P1
az-tucson-q1,kw:pool,swimming pool builder,32.2217,-110.9265,13,P3
az-tucson-q2,kw:pool,inground pool installation,32.2217,-110.9265,13,P3
az-tucson-q3,kw:pool,fiberglass pool installation,32.2217,-110.9265,13,P3
az-chandler-q0,pool,Swimming pool contractor,33.3062,-111.8413,13,P1
az-chandler-q1,kw:pool,swimming pool builder,33.3062,-111.8413,13,P3
az-chandler-q2,kw:pool,inground pool installation,33.3062,-111.8413,13,P3
az-chandler-q3,kw:pool,fiberglass pool installation,33.3062,-111.8413,13,P3
az-deer-valley-q0,pool,Swimming pool contractor,33.6839,-112.1349,13,P1
az-deer-valley-q1,kw:pool,swimming pool builder,33.6839,-112.1349,13,P3
az-deer-valley-q2,kw:pool,inground pool installation,33.6839,-112.1349,13,P3
az-deer-valley-q3,kw:pool,fiberglass pool installation,33.6839,-112.1349,13,P3
az-yuma-q0,pool,Swimming pool contractor,32.7253,-114.6244,13,P1
az-yuma-q1,kw:pool,swimming pool builder,32.7253,-114.6244,13,P3
az-yuma-q2,kw:pool,inground pool installation,32.7253,-114.6244,13,P3
az-yuma-q3,kw:pool,fiberglass pool installation,32.7253,-114.6244,13,P3
az-san-tan-valley-q0,pool,Swimming pool contractor,33.1911,-111.528,13,P1
az-san-tan-valley-q1,kw:pool,swimming pool builder,33.1911,-111.528,13,P3
az-san-tan-valley-q2,kw:pool,inground pool installation,33.1911,-111.528,13,P3
az-san-tan-valley-q3,kw:pool,fiberglass pool installation,33.1911,-111.528,13,P3
az-avondale-q0,pool,Swimming pool contractor,33.4356,-112.3496,13,P1
az-avondale-q1,kw:pool,swimming pool builder,33.4356,-112.3496,13,P3
az-avondale-q2,kw:pool,inground pool installation,33.4356,-112.3496,13,P3
az-avondale-q3,kw:pool,fiberglass pool installation,33.4356,-112.3496,13,P3
az-flagstaff-q0,pool,Swimming pool contractor,35.1981,-111.6513,13,P1
az-flagstaff-q1,kw:pool,swimming pool builder,35.1981,-111.6513,13,P3
az-flagstaff-q2,kw:pool,inground pool installation,35.1981,-111.6513,13,P3
az-flagstaff-q3,kw:pool,fiberglass pool installation,35.1981,-111.6513,13,P3
az-lake-havasu-city-q0,pool,Swimming pool contractor,34.4839,-114.3225,13,P1
az-lake-havasu-city-q1,kw:pool,swimming pool builder,34.4839,-114.3225,13,P3
az-lake-havasu-city-q2,kw:pool,inground pool installation,34.4839,-114.3225,13,P3
az-lake-havasu-city-q3,kw:pool,fiberglass pool installation,34.4839,-114.3225,13,P3
az-casa-grande-q0,pool,Swimming pool contractor,32.8795,-111.7574,13,P1
az-casa-grande-q1,kw:pool,swimming pool builder,32.8795,-111.7574,13,P3
az-casa-grande-q2,kw:pool,inground pool installation,32.8795,-111.7574,13,P3
az-casa-grande-q3,kw:pool,fiberglass pool installation,32.8795,-111.7574,13,P3
az-maricopa-q0,pool,Swimming pool contractor,33.0581,-112.0476,13,P1
az-maricopa-q1,kw:pool,swimming pool builder,33.0581,-112.0476,13,P3
az-maricopa-q2,kw:pool,inground pool installation,33.0581,-112.0476,13,P3
az-maricopa-q3,kw:pool,fiberglass pool installation,33.0581,-112.0476,13,P3
az-sierra-vista-q0,pool,Swimming pool contractor,31.5545,-110.3037,13,P1
az-sierra-vista-q1,kw:pool,swimming pool builder,31.5545,-110.3037,13,P3
az-sierra-vista-q2,kw:pool,inground pool installation,31.5545,-110.3037,13,P3
az-sierra-vista-q3,kw:pool,fiberglass pool installation,31.5545,-110.3037,13,P3
az-prescott-valley-q0,pool,Swimming pool contractor,34.61,-112.3157,13,P1
az-prescott-valley-q1,kw:pool,swimming pool builder,34.61,-112.3157,13,P3
az-prescott-valley-q2,kw:pool,inground pool installation,34.61,-112.3157,13,P3
az-prescott-valley-q3,kw:pool,fiberglass pool installation,34.61,-112.3157,13,P3
az-marana-q0,pool,Swimming pool contractor,32.4367,-111.2254,13,P1
az-marana-q1,kw:pool,swimming pool builder,32.4367,-111.2254,13,P3
az-marana-q2,kw:pool,inground pool installation,32.4367,-111.2254,13,P3
az-marana-q3,kw:pool,fiberglass pool installation,32.4367,-111.2254,13,P3
az-bullhead-city-q0,pool,Swimming pool contractor,35.1478,-114.5683,13,P1
az-bullhead-city-q1,kw:pool,swimming pool builder,35.1478,-114.5683,13,P3
az-bullhead-city-q2,kw:pool,inground pool installation,35.1478,-114.5683,13,P3
az-bullhead-city-q3,kw:pool,fiberglass pool installation,35.1478,-114.5683,13,P3
az-san-luis-q0,pool,Swimming pool contractor,32.487,-114.7822,13,P1
az-san-luis-q1,kw:pool,swimming pool builder,32.487,-114.7822,13,P3
az-san-luis-q2,kw:pool,inground pool installation,32.487,-114.7822,13,P3
az-san-luis-q3,kw:pool,fiberglass pool installation,32.487,-114.7822,13,P3
az-kingman-q0,pool,Swimming pool contractor,35.1894,-114.053,13,P1
az-kingman-q1,kw:pool,swimming pool builder,35.1894,-114.053,13,P3
az-kingman-q2,kw:pool,inground pool installation,35.1894,-114.053,13,P3
az-kingman-q3,kw:pool,fiberglass pool installation,35.1894,-114.053,13,P3
az-sahuarita-q0,pool,Swimming pool contractor,31.9576,-110.9557,13,P1
az-sahuarita-q1,kw:pool,swimming pool builder,31.9576,-110.9557,13,P3
az-sahuarita-q2,kw:pool,inground pool installation,31.9576,-110.9557,13,P3
az-sahuarita-q3,kw:pool,fiberglass pool installation,31.9576,-110.9557,13,P3
ca-los-angeles-q0,pool,Swimming pool contractor,34.0522,-118.2437,13,P1
ca-los-angeles-q1,kw:pool,swimming pool builder,34.0522,-118.2437,13,P3
ca-los-angeles-q2,kw:pool,inground pool installation,34.0522,-118.2437,13,P3
ca-los-angeles-q3,kw:pool,fiberglass pool installation,34.0522,-118.2437,13,P3
ca-san-diego-q0,pool,Swimming pool contractor,32.7157,-117.1647,13,P1
ca-san-diego-q1,kw:pool,swimming pool builder,32.7157,-117.1647,13,P3
ca-san-diego-q2,kw:pool,inground pool installation,32.7157,-117.1647,13,P3
ca-san-diego-q3,kw:pool,fiberglass pool installation,32.7157,-117.1647,13,P3
ca-san-jose-q0,pool,Swimming pool contractor,37.3394,-121.895,13,P1
ca-san-jose-q1,kw:pool,swimming pool builder,37.3394,-121.895,13,P3
ca-san-jose-q2,kw:pool,inground pool installation,37.3394,-121.895,13,P3
ca-san-jose-q3,kw:pool,fiberglass pool installation,37.3394,-121.895,13,P3
ca-san-francisco-q0,pool,Swimming pool contractor,37.7749,-122.4194,13,P1
ca-san-francisco-q1,kw:pool,swimming pool builder,37.7749,-122.4194,13,P3
ca-san-francisco-q2,kw:pool,inground pool installation,37.7749,-122.4194,13,P3
ca-san-francisco-q3,kw:pool,fiberglass pool installation,37.7749,-122.4194,13,P3
ca-fresno-q0,pool,Swimming pool contractor,36.7477,-119.7724,13,P1
ca-fresno-q1,kw:pool,swimming pool builder,36.7477,-119.7724,13,P3
ca-fresno-q2,kw:pool,inground pool installation,36.7477,-119.7724,13,P3
ca-fresno-q3,kw:pool,fiberglass pool installation,36.7477,-119.7724,13,P3
ca-sacramento-q0,pool,Swimming pool contractor,38.5816,-121.4944,13,P1
ca-sacramento-q1,kw:pool,swimming pool builder,38.5816,-121.4944,13,P3
ca-sacramento-q2,kw:pool,inground pool installation,38.5816,-121.4944,13,P3
ca-sacramento-q3,kw:pool,fiberglass pool installation,38.5816,-121.4944,13,P3
ca-long-beach-q0,pool,Swimming pool contractor,33.767,-118.1892,13,P1
ca-long-beach-q1,kw:pool,swimming pool builder,33.767,-118.1892,13,P3
ca-long-beach-q2,kw:pool,inground pool installation,33.767,-118.1892,13,P3
ca-long-beach-q3,kw:pool,fiberglass pool installation,33.767,-118.1892,13,P3
ca-bakersfield-q0,pool,Swimming pool contractor,35.3733,-119.0187,13,P1
ca-bakersfield-q1,kw:pool,swimming pool builder,35.3733,-119.0187,13,P3
ca-bakersfield-q2,kw:pool,inground pool installation,35.3733,-119.0187,13,P3
ca-bakersfield-q3,kw:pool,fiberglass pool installation,35.3733,-119.0187,13,P3
ca-anaheim-q0,pool,Swimming pool contractor,33.8353,-117.9145,13,P1
ca-anaheim-q1,kw:pool,swimming pool builder,33.8353,-117.9145,13,P3
ca-anaheim-q2,kw:pool,inground pool installation,33.8353,-117.9145,13,P3
ca-anaheim-q3,kw:pool,fiberglass pool installation,33.8353,-117.9145,13,P3
ca-riverside-q0,pool,Swimming pool contractor,33.9534,-117.3962,13,P1
ca-riverside-q1,kw:pool,swimming pool builder,33.9534,-117.3962,13,P3
ca-riverside-q2,kw:pool,inground pool installation,33.9534,-117.3962,13,P3
ca-riverside-q3,kw:pool,fiberglass pool installation,33.9534,-117.3962,13,P3
ca-stockton-q0,pool,Swimming pool contractor,37.9577,-121.2908,13,P1
ca-stockton-q1,kw:pool,swimming pool builder,37.9577,-121.2908,13,P3
ca-stockton-q2,kw:pool,inground pool installation,37.9577,-121.2908,13,P3
ca-stockton-q3,kw:pool,fiberglass pool installation,37.9577,-121.2908,13,P3
ca-modesto-q0,pool,Swimming pool contractor,37.6391,-120.9969,13,P1
ca-modesto-q1,kw:pool,swimming pool builder,37.6391,-120.9969,13,P3
ca-modesto-q2,kw:pool,inground pool installation,37.6391,-120.9969,13,P3
ca-modesto-q3,kw:pool,fiberglass pool installation,37.6391,-120.9969,13,P3
ca-oxnard-q0,pool,Swimming pool contractor,34.1975,-119.177,13,P1
ca-oxnard-q1,kw:pool,swimming pool builder,34.1975,-119.177,13,P3
ca-oxnard-q2,kw:pool,inground pool installation,34.1975,-119.177,13,P3
ca-oxnard-q3,kw:pool,fiberglass pool installation,34.1975,-119.177,13,P3
ca-santa-clarita-q0,pool,Swimming pool contractor,34.3917,-118.5426,13,P1
ca-santa-clarita-q1,kw:pool,swimming pool builder,34.3917,-118.5426,13,P3
ca-santa-clarita-q2,kw:pool,inground pool installation,34.3917,-118.5426,13,P3
ca-santa-clarita-q3,kw:pool,fiberglass pool installation,34.3917,-118.5426,13,P3
ca-santa-rosa-q0,pool,Swimming pool contractor,38.4405,-122.7144,13,P1
ca-santa-rosa-q1,kw:pool,swimming pool builder,38.4405,-122.7144,13,P3
ca-santa-rosa-q2,kw:pool,inground pool installation,38.4405,-122.7144,13,P3
ca-santa-rosa-q3,kw:pool,fiberglass pool installation,38.4405,-122.7144,13,P3
ca-oceanside-q0,pool,Swimming pool contractor,33.1959,-117.3795,13,P1
ca-oceanside-q1,kw:pool,swimming pool builder,33.1959,-117.3795,13,P3
ca-oceanside-q2,kw:pool,inground pool installation,33.1959,-117.3795,13,P3
ca-oceanside-q3,kw:pool,fiberglass pool installation,33.1959,-117.3795,13,P3
ca-ontario-q0,pool,Swimming pool contractor,34.0633,-117.6509,13,P1
ca-ontario-q1,kw:pool,swimming pool builder,34.0633,-117.6509,13,P3
ca-ontario-q2,kw:pool,inground pool installation,34.0633,-117.6509,13,P3
ca-ontario-q3,kw:pool,fiberglass pool installation,34.0633,-117.6509,13,P3
ca-lancaster-q0,pool,Swimming pool contractor,34.698,-118.1367,13,P1
ca-lancaster-q1,kw:pool,swimming pool builder,34.698,-118.1367,13,P3
ca-lancaster-q2,kw:pool,inground pool installation,34.698,-118.1367,13,P3
ca-lancaster-q3,kw:pool,fiberglass pool installation,34.698,-118.1367,13,P3
ca-hayward-q0,pool,Swimming pool contractor,37.6688,-122.0808,13,P1
ca-hayward-q1,kw:pool,swimming pool builder,37.6688,-122.0808,13,P3
ca-hayward-q2,kw:pool,inground pool installation,37.6688,-122.0808,13,P3
ca-hayward-q3,kw:pool,fiberglass pool installation,37.6688,-122.0808,13,P3
ca-salinas-q0,pool,Swimming pool contractor,36.6777,-121.6555,13,P1
ca-salinas-q1,kw:pool,swimming pool builder,36.6777,-121.6555,13,P3
ca-salinas-q2,kw:pool,inground pool installation,36.6777,-121.6555,13,P3
ca-salinas-q3,kw:pool,fiberglass pool installation,36.6777,-121.6555,13,P3
ca-escondido-q0,pool,Swimming pool contractor,33.1192,-117.0864,13,P1
ca-escondido-q1,kw:pool,swimming pool builder,33.1192,-117.0864,13,P3
ca-escondido-q2,kw:pool,inground pool installation,33.1192,-117.0864,13,P3
ca-escondido-q3,kw:pool,fiberglass pool installation,33.1192,-117.0864,13,P3
ca-roseville-q0,pool,Swimming pool contractor,38.7521,-121.288,13,P1
ca-roseville-q1,kw:pool,swimming pool builder,38.7521,-121.288,13,P3
ca-roseville-q2,kw:pool,inground pool installation,38.7521,-121.288,13,P3
ca-roseville-q3,kw:pool,fiberglass pool installation,38.7521,-121.288,13,P3
ca-visalia-q0,pool,Swimming pool contractor,36.3302,-119.2921,13,P1
ca-visalia-q1,kw:pool,swimming pool builder,36.3302,-119.2921,13,P3
ca-visalia-q2,kw:pool,inground pool installation,36.3302,-119.2921,13,P3
ca-visalia-q3,kw:pool,fiberglass pool installation,36.3302,-119.2921,13,P3
ca-thousand-oaks-q0,pool,Swimming pool contractor,34.1706,-118.8376,13,P1
ca-thousand-oaks-q1,kw:pool,swimming pool builder,34.1706,-118.8376,13,P3
ca-thousand-oaks-q2,kw:pool,inground pool installation,34.1706,-118.8376,13,P3
ca-thousand-oaks-q3,kw:pool,fiberglass pool installation,34.1706,-118.8376,13,P3
ca-concord-q0,pool,Swimming pool contractor,37.978,-122.0311,13,P1
ca-concord-q1,kw:pool,swimming pool builder,37.978,-122.0311,13,P3
ca-concord-q2,kw:pool,inground pool installation,37.978,-122.0311,13,P3
ca-concord-q3,kw:pool,fiberglass pool installation,37.978,-122.0311,13,P3
ca-victorville-q0,pool,Swimming pool contractor,34.5361,-117.2912,13,P1
ca-victorville-q1,kw:pool,swimming pool builder,34.5361,-117.2912,13,P3
ca-victorville-q2,kw:pool,inground pool installation,34.5361,-117.2912,13,P3
ca-victorville-q3,kw:pool,fiberglass pool installation,34.5361,-117.2912,13,P3
ca-chico-q0,pool,Swimming pool contractor,39.7285,-121.8375,13,P1
ca-chico-q1,kw:pool,swimming pool builder,39.7285,-121.8375,13,P3
ca-chico-q2,kw:pool,inground pool installation,39.7285,-121.8375,13,P3
ca-chico-q3,kw:pool,fiberglass pool installation,39.7285,-121.8375,13,P3
ca-fairfield-q0,pool,Swimming pool contractor,38.2494,-122.04,13,P1
ca-fairfield-q1,kw:pool,swimming pool builder,38.2494,-122.04,13,P3
ca-fairfield-q2,kw:pool,inground pool installation,38.2494,-122.04,13,P3
ca-fairfield-q3,kw:pool,fiberglass pool installation,38.2494,-122.04,13,P3
ca-temecula-q0,pool,Swimming pool contractor,33.4936,-117.1484,13,P1
ca-temecula-q1,kw:pool,swimming pool builder,33.4936,-117.1484,13,P3
ca-temecula-q2,kw:pool,inground pool installation,33.4936,-117.1484,13,P3
ca-temecula-q3,kw:pool,fiberglass pool installation,33.4936,-117.1484,13,P3
ca-west-covina-q0,pool,Swimming pool contractor,34.0686,-117.939,13,P1
ca-west-covina-q1,kw:pool,swimming pool builder,34.0686,-117.939,13,P3
ca-west-covina-q2,kw:pool,inground pool installation,34.0686,-117.939,13,P3
ca-west-covina-q3,kw:pool,fiberglass pool installation,34.0686,-117.939,13,P3
ca-santa-maria-q0,pool,Swimming pool contractor,34.953,-120.4357,13,P1
ca-santa-maria-q1,kw:pool,swimming pool builder,34.953,-120.4357,13,P3
ca-santa-maria-q2,kw:pool,inground pool installation,34.953,-120.4357,13,P3
ca-santa-maria-q3,kw:pool,fiberglass pool installation,34.953,-120.4357,13,P3
ca-mission-viejo-q0,pool,Swimming pool contractor,33.6,-117.672,13,P1
ca-mission-viejo-q1,kw:pool,swimming pool builder,33.6,-117.672,13,P3
ca-mission-viejo-q2,kw:pool,inground pool installation,33.6,-117.672,13,P3
ca-mission-viejo-q3,kw:pool,fiberglass pool installation,33.6,-117.672,13,P3
ca-santa-barbara-q0,pool,Swimming pool contractor,34.4208,-119.6982,13,P1
ca-santa-barbara-q1,kw:pool,swimming pool builder,34.4208,-119.6982,13,P3
ca-santa-barbara-q2,kw:pool,inground pool installation,34.4208,-119.6982,13,P3
ca-santa-barbara-q3,kw:pool,fiberglass pool installation,34.4208,-119.6982,13,P3
ca-redding-q0,pool,Swimming pool contractor,40.5865,-122.3917,13,P1
ca-redding-q1,kw:pool,swimming pool builder,40.5865,-122.3917,13,P3
ca-redding-q2,kw:pool,inground pool installation,40.5865,-122.3917,13,P3
ca-redding-q3,kw:pool,fiberglass pool installation,40.5865,-122.3917,13,P3
ca-livermore-q0,pool,Swimming pool contractor,37.6819,-121.768,13,P1
ca-livermore-q1,kw:pool,swimming pool builder,37.6819,-121.768,13,P3
ca-livermore-q2,kw:pool,inground pool installation,37.6819,-121.768,13,P3
ca-livermore-q3,kw:pool,fiberglass pool installation,37.6819,-121.768,13,P3
ca-indio-q0,pool,Swimming pool contractor,33.7207,-116.2168,13,P1
ca-indio-q1,kw:pool,swimming pool builder,33.7207,-116.2168,13,P3
ca-indio-q2,kw:pool,inground pool installation,33.7207,-116.2168,13,P3
ca-indio-q3,kw:pool,fiberglass pool installation,33.7207,-116.2168,13,P3
ca-menifee-q0,pool,Swimming pool contractor,33.7283,-117.1464,13,P1
ca-menifee-q1,kw:pool,swimming pool builder,33.7283,-117.1464,13,P3
ca-menifee-q2,kw:pool,inground pool installation,33.7283,-117.1464,13,P3
ca-menifee-q3,kw:pool,fiberglass pool installation,33.7283,-117.1464,13,P3
ca-tracy-q0,pool,Swimming pool contractor,37.7399,-121.4262,13,P1
ca-tracy-q1,kw:pool,swimming pool builder,37.7399,-121.4262,13,P3
ca-tracy-q2,kw:pool,inground pool installation,37.7399,-121.4262,13,P3
ca-tracy-q3,kw:pool,fiberglass pool installation,37.7399,-121.4262,13,P3
ca-merced-q0,pool,Swimming pool contractor,37.3022,-120.483,13,P1
ca-merced-q1,kw:pool,swimming pool builder,37.3022,-120.483,13,P3
ca-merced-q2,kw:pool,inground pool installation,37.3022,-120.483,13,P3
ca-merced-q3,kw:pool,fiberglass pool installation,37.3022,-120.483,13,P3
ca-yuba-city-q0,pool,Swimming pool contractor,39.1405,-121.6169,13,P1
ca-yuba-city-q1,kw:pool,swimming pool builder,39.1405,-121.6169,13,P3
ca-yuba-city-q2,kw:pool,inground pool installation,39.1405,-121.6169,13,P3
ca-yuba-city-q3,kw:pool,fiberglass pool installation,39.1405,-121.6169,13,P3
ca-santa-cruz-q0,pool,Swimming pool contractor,36.9741,-122.0308,13,P1
ca-santa-cruz-q1,kw:pool,swimming pool builder,36.9741,-122.0308,13,P3
ca-santa-cruz-q2,kw:pool,inground pool installation,36.9741,-122.0308,13,P3
ca-santa-cruz-q3,kw:pool,fiberglass pool installation,36.9741,-122.0308,13,P3
ca-madera-q0,pool,Swimming pool contractor,36.9613,-120.0607,13,P1
ca-madera-q1,kw:pool,swimming pool builder,36.9613,-120.0607,13,P3
ca-madera-q2,kw:pool,inground pool installation,36.9613,-120.0607,13,P3
ca-madera-q3,kw:pool,fiberglass pool installation,36.9613,-120.0607,13,P3
ca-brentwood-q0,pool,Swimming pool contractor,37.9319,-121.6958,13,P1
ca-brentwood-q1,kw:pool,swimming pool builder,37.9319,-121.6958,13,P3
ca-brentwood-q2,kw:pool,inground pool installation,37.9319,-121.6958,13,P3
ca-brentwood-q3,kw:pool,fiberglass pool installation,37.9319,-121.6958,13,P3
ca-woodland-q0,pool,Swimming pool contractor,38.6785,-121.7733,13,P1
ca-woodland-q1,kw:pool,swimming pool builder,38.6785,-121.7733,13,P3
ca-woodland-q2,kw:pool,inground pool installation,38.6785,-121.7733,13,P3
ca-woodland-q3,kw:pool,fiberglass pool installation,38.6785,-121.7733,13,P3
ca-porterville-q0,pool,Swimming pool contractor,36.0652,-119.0168,13,P1
ca-porterville-q1,kw:pool,swimming pool builder,36.0652,-119.0168,13,P3
ca-porterville-q2,kw:pool,inground pool installation,36.0652,-119.0168,13,P3
ca-porterville-q3,kw:pool,fiberglass pool installation,36.0652,-119.0168,13,P3
ca-hanford-q0,pool,Swimming pool contractor,36.3274,-119.6457,13,P1
ca-hanford-q1,kw:pool,swimming pool builder,36.3274,-119.6457,13,P3
ca-hanford-q2,kw:pool,inground pool installation,36.3274,-119.6457,13,P3
ca-hanford-q3,kw:pool,fiberglass pool installation,36.3274,-119.6457,13,P3
ca-novato-q0,pool,Swimming pool contractor,38.1074,-122.5697,13,P1
ca-novato-q1,kw:pool,swimming pool builder,38.1074,-122.5697,13,P3
ca-novato-q2,kw:pool,inground pool installation,38.1074,-122.5697,13,P3
ca-novato-q3,kw:pool,fiberglass pool installation,38.1074,-122.5697,13,P3
ca-highland-q0,pool,Swimming pool contractor,34.1283,-117.2087,13,P1
ca-highland-q1,kw:pool,swimming pool builder,34.1283,-117.2087,13,P3
ca-highland-q2,kw:pool,inground pool installation,34.1283,-117.2087,13,P3
ca-highland-q3,kw:pool,fiberglass pool installation,34.1283,-117.2087,13,P3
ca-watsonville-q0,pool,Swimming pool contractor,36.9102,-121.7569,13,P1
ca-watsonville-q1,kw:pool,swimming pool builder,36.9102,-121.7569,13,P3
ca-watsonville-q2,kw:pool,inground pool installation,36.9102,-121.7569,13,P3
ca-watsonville-q3,kw:pool,fiberglass pool installation,36.9102,-121.7569,13,P3
ca-delano-q0,pool,Swimming pool contractor,35.7688,-119.2471,13,P1
ca-delano-q1,kw:pool,swimming pool builder,35.7688,-119.2471,13,P3
ca-delano-q2,kw:pool,inground pool installation,35.7688,-119.2471,13,P3
ca-delano-q3,kw:pool,fiberglass pool installation,35.7688,-119.2471,13,P3
ca-palm-springs-q0,pool,Swimming pool contractor,33.8303,-116.5453,13,P1
ca-palm-springs-q1,kw:pool,swimming pool builder,33.8303,-116.5453,13,P3
ca-palm-springs-q2,kw:pool,inground pool installation,33.8303,-116.5453,13,P3
ca-palm-springs-q3,kw:pool,fiberglass pool installation,33.8303,-116.5453,13,P3
ca-san-luis-obispo-q0,pool,Swimming pool contractor,35.2828,-120.6596,13,P1
ca-san-luis-obispo-q1,kw:pool,swimming pool builder,35.2828,-120.6596,13,P3
ca-san-luis-obispo-q2,kw:pool,inground pool installation,35.2828,-120.6596,13,P3
ca-san-luis-obispo-q3,kw:pool,fiberglass pool installation,35.2828,-120.6596,13,P3
ca-encino-q0,pool,Swimming pool contractor,34.1592,-118.5012,13,P1
ca-encino-q1,kw:pool,swimming pool builder,34.1592,-118.5012,13,P3
ca-encino-q2,kw:pool,inground pool installation,34.1592,-118.5012,13,P3
ca-encino-q3,kw:pool,fiberglass pool installation,34.1592,-118.5012,13,P3
ca-lompoc-q0,pool,Swimming pool contractor,34.6392,-120.4579,13,P1
ca-lompoc-q1,kw:pool,swimming pool builder,34.6392,-120.4579,13,P3
ca-lompoc-q2,kw:pool,inground pool installation,34.6392,-120.4579,13,P3
ca-lompoc-q3,kw:pool,fiberglass pool installation,34.6392,-120.4579,13,P3
ca-el-centro-q0,pool,Swimming pool contractor,32.792,-115.5631,13,P1
ca-el-centro-q1,kw:pool,swimming pool builder,32.792,-115.5631,13,P3
ca-el-centro-q2,kw:pool,inground pool installation,32.792,-115.5631,13,P3
ca-el-centro-q3,kw:pool,fiberglass pool installation,32.792,-115.5631,13,P3
ca-beaumont-q0,pool,Swimming pool contractor,33.9295,-116.9772,13,P1
ca-beaumont-q1,kw:pool,swimming pool builder,33.9295,-116.9772,13,P3
ca-beaumont-q2,kw:pool,inground pool installation,33.9295,-116.9772,13,P3
ca-beaumont-q3,kw:pool,fiberglass pool installation,33.9295,-116.9772,13,P3
ca-morgan-hill-q0,pool,Swimming pool contractor,37.1305,-121.6544,13,P1
ca-morgan-hill-q1,kw:pool,swimming pool builder,37.1305,-121.6544,13,P3
ca-morgan-hill-q2,kw:pool,inground pool installation,37.1305,-121.6544,13,P3
ca-morgan-hill-q3,kw:pool,fiberglass pool installation,37.1305,-121.6544,13,P3
ca-hollister-q0,pool,Swimming pool contractor,36.8524,-121.4016,13,P1
ca-hollister-q1,kw:pool,swimming pool builder,36.8524,-121.4016,13,P3
ca-hollister-q2,kw:pool,inground pool installation,36.8524,-121.4016,13,P3
ca-hollister-q3,kw:pool,fiberglass pool installation,36.8524,-121.4016,13,P3
ca-los-banos-q0,pool,Swimming pool contractor,37.0583,-120.8499,13,P1
ca-los-banos-q1,kw:pool,swimming pool builder,37.0583,-120.8499,13,P3
ca-los-banos-q2,kw:pool,inground pool installation,37.0583,-120.8499,13,P3
ca-los-banos-q3,kw:pool,fiberglass pool installation,37.0583,-120.8499,13,P3
ca-menlo-park-q0,pool,Swimming pool contractor,37.4538,-122.1822,13,P1
ca-menlo-park-q1,kw:pool,swimming pool builder,37.4538,-122.1822,13,P3
ca-menlo-park-q2,kw:pool,inground pool installation,37.4538,-122.1822,13,P3
ca-menlo-park-q3,kw:pool,fiberglass pool installation,37.4538,-122.1822,13,P3
ca-ridgecrest-q0,pool,Swimming pool contractor,35.6225,-117.6709,13,P1
ca-ridgecrest-q1,kw:pool,swimming pool builder,35.6225,-117.6709,13,P3
ca-ridgecrest-q2,kw:pool,inground pool installation,35.6225,-117.6709,13,P3
ca-ridgecrest-q3,kw:pool,fiberglass pool installation,35.6225,-117.6709,13,P3
ca-paso-robles-q0,pool,Swimming pool contractor,35.6266,-120.691,13,P1
ca-paso-robles-q1,kw:pool,swimming pool builder,35.6266,-120.691,13,P3
ca-paso-robles-q2,kw:pool,inground pool installation,35.6266,-120.691,13,P3
ca-paso-robles-q3,kw:pool,fiberglass pool installation,35.6266,-120.691,13,P3
ca-eureka-q0,pool,Swimming pool contractor,40.8021,-124.1637,13,P1
ca-eureka-q1,kw:pool,swimming pool builder,40.8021,-124.1637,13,P3
ca-eureka-q2,kw:pool,inground pool installation,40.8021,-124.1637,13,P3
ca-eureka-q3,kw:pool,fiberglass pool installation,40.8021,-124.1637,13,P3
ca-twentynine-palms-q0,pool,Swimming pool contractor,34.1356,-116.0542,13,P1
ca-twentynine-palms-q1,kw:pool,swimming pool builder,34.1356,-116.0542,13,P3
ca-twentynine-palms-q2,kw:pool,inground pool installation,34.1356,-116.0542,13,P3
ca-twentynine-palms-q3,kw:pool,fiberglass pool installation,34.1356,-116.0542,13,P3
ca-reedley-q0,pool,Swimming pool contractor,36.5963,-119.4504,13,P1
ca-reedley-q1,kw:pool,swimming pool builder,36.5963,-119.4504,13,P3
ca-reedley-q2,kw:pool,inground pool installation,36.5963,-119.4504,13,P3
ca-reedley-q3,kw:pool,fiberglass pool installation,36.5963,-119.4504,13,P3
ca-galt-q0,pool,Swimming pool contractor,38.2546,-121.2999,13,P1
ca-galt-q1,kw:pool,swimming pool builder,38.2546,-121.2999,13,P3
ca-galt-q2,kw:pool,inground pool installation,38.2546,-121.2999,13,P3
ca-galt-q3,kw:pool,fiberglass pool installation,38.2546,-121.2999,13,P3
ca-soledad-q0,pool,Swimming pool contractor,36.4247,-121.3263,13,P1
ca-soledad-q1,kw:pool,swimming pool builder,36.4247,-121.3263,13,P3
ca-soledad-q2,kw:pool,inground pool installation,36.4247,-121.3263,13,P3
ca-soledad-q3,kw:pool,fiberglass pool installation,36.4247,-121.3263,13,P3
ca-blythe-q0,pool,Swimming pool contractor,33.6103,-114.5964,13,P1
ca-blythe-q1,kw:pool,swimming pool builder,33.6103,-114.5964,13,P3
ca-blythe-q2,kw:pool,inground pool installation,33.6103,-114.5964,13,P3
ca-blythe-q3,kw:pool,fiberglass pool installation,33.6103,-114.5964,13,P3
ca-susanville-q0,pool,Swimming pool contractor,40.4163,-120.653,13,P1
ca-susanville-q1,kw:pool,swimming pool builder,40.4163,-120.653,13,P3
ca-susanville-q2,kw:pool,inground pool installation,40.4163,-120.653,13,P3
ca-susanville-q3,kw:pool,fiberglass pool installation,40.4163,-120.653,13,P3
fl-jacksonville-q0,pool,Swimming pool contractor,30.3322,-81.6556,13,P1
fl-jacksonville-q1,kw:pool,swimming pool builder,30.3322,-81.6556,13,P3
fl-jacksonville-q2,kw:pool,inground pool installation,30.3322,-81.6556,13,P3
fl-jacksonville-q3,kw:pool,fiberglass pool installation,30.3322,-81.6556,13,P3
fl-miami-q0,pool,Swimming pool contractor,25.7743,-80.1937,13,P1
fl-miami-q1,kw:pool,swimming pool builder,25.7743,-80.1937,13,P3
fl-miami-q2,kw:pool,inground pool installation,25.7743,-80.1937,13,P3
fl-miami-q3,kw:pool,fiberglass pool installation,25.7743,-80.1937,13,P3
fl-tampa-q0,pool,Swimming pool contractor,27.9475,-82.4584,13,P1
fl-tampa-q1,kw:pool,swimming pool builder,27.9475,-82.4584,13,P3
fl-tampa-q2,kw:pool,inground pool installation,27.9475,-82.4584,13,P3
fl-tampa-q3,kw:pool,fiberglass pool installation,27.9475,-82.4584,13,P3
fl-orlando-q0,pool,Swimming pool contractor,28.5383,-81.3792,13,P1
fl-orlando-q1,kw:pool,swimming pool builder,28.5383,-81.3792,13,P3
fl-orlando-q2,kw:pool,inground pool installation,28.5383,-81.3792,13,P3
fl-orlando-q3,kw:pool,fiberglass pool installation,28.5383,-81.3792,13,P3
fl-st-petersburg-q0,pool,Swimming pool contractor,27.7709,-82.6793,13,P1
fl-st-petersburg-q1,kw:pool,swimming pool builder,27.7709,-82.6793,13,P3
fl-st-petersburg-q2,kw:pool,inground pool installation,27.7709,-82.6793,13,P3
fl-st-petersburg-q3,kw:pool,fiberglass pool installation,27.7709,-82.6793,13,P3
fl-tallahassee-q0,pool,Swimming pool contractor,30.4383,-84.2807,13,P1
fl-tallahassee-q1,kw:pool,swimming pool builder,30.4383,-84.2807,13,P3
fl-tallahassee-q2,kw:pool,inground pool installation,30.4383,-84.2807,13,P3
fl-tallahassee-q3,kw:pool,fiberglass pool installation,30.4383,-84.2807,13,P3
fl-fort-lauderdale-q0,pool,Swimming pool contractor,26.1223,-80.1434,13,P1
fl-fort-lauderdale-q1,kw:pool,swimming pool builder,26.1223,-80.1434,13,P3
fl-fort-lauderdale-q2,kw:pool,inground pool installation,26.1223,-80.1434,13,P3
fl-fort-lauderdale-q3,kw:pool,fiberglass pool installation,26.1223,-80.1434,13,P3
fl-cape-coral-q0,pool,Swimming pool contractor,26.5629,-81.9495,13,P1
fl-cape-coral-q1,kw:pool,swimming pool builder,26.5629,-81.9495,13,P3
fl-cape-coral-q2,kw:pool,inground pool installation,26.5629,-81.9495,13,P3
fl-cape-coral-q3,kw:pool,fiberglass pool installation,26.5629,-81.9495,13,P3
fl-port-saint-lucie-q0,pool,Swimming pool contractor,27.2939,-80.3503,13,P1
fl-port-saint-lucie-q1,kw:pool,swimming pool builder,27.2939,-80.3503,13,P3
fl-port-saint-lucie-q2,kw:pool,inground pool installation,27.2939,-80.3503,13,P3
fl-port-saint-lucie-q3,kw:pool,fiberglass pool installation,27.2939,-80.3503,13,P3
fl-gainesville-q0,pool,Swimming pool contractor,29.6516,-82.3248,13,P1
fl-gainesville-q1,kw:pool,swimming pool builder,29.6516,-82.3248,13,P3
fl-gainesville-q2,kw:pool,inground pool installation,29.6516,-82.3248,13,P3
fl-gainesville-q3,kw:pool,fiberglass pool installation,29.6516,-82.3248,13,P3
fl-west-palm-beach-q0,pool,Swimming pool contractor,26.7153,-80.0534,13,P1
fl-west-palm-beach-q1,kw:pool,swimming pool builder,26.7153,-80.0534,13,P3
fl-west-palm-beach-q2,kw:pool,inground pool installation,26.7153,-80.0534,13,P3
fl-west-palm-beach-q3,kw:pool,fiberglass pool installation,26.7153,-80.0534,13,P3
fl-palm-bay-q0,pool,Swimming pool contractor,28.0345,-80.5887,13,P1
fl-palm-bay-q1,kw:pool,swimming pool builder,28.0345,-80.5887,13,P3
fl-palm-bay-q2,kw:pool,inground pool installation,28.0345,-80.5887,13,P3
fl-palm-bay-q3,kw:pool,fiberglass pool installation,28.0345,-80.5887,13,P3
fl-lakeland-q0,pool,Swimming pool contractor,28.0395,-81.9498,13,P1
fl-lakeland-q1,kw:pool,swimming pool builder,28.0395,-81.9498,13,P3
fl-lakeland-q2,kw:pool,inground pool installation,28.0395,-81.9498,13,P3
fl-lakeland-q3,kw:pool,fiberglass pool installation,28.0395,-81.9498,13,P3
fl-spring-hill-q0,pool,Swimming pool contractor,28.4769,-82.5255,13,P1
fl-spring-hill-q1,kw:pool,swimming pool builder,28.4769,-82.5255,13,P3
fl-spring-hill-q2,kw:pool,inground pool installation,28.4769,-82.5255,13,P3
fl-spring-hill-q3,kw:pool,fiberglass pool installation,28.4769,-82.5255,13,P3
fl-boca-raton-q0,pool,Swimming pool contractor,26.3587,-80.0831,13,P1
fl-boca-raton-q1,kw:pool,swimming pool builder,26.3587,-80.0831,13,P3
fl-boca-raton-q2,kw:pool,inground pool installation,26.3587,-80.0831,13,P3
fl-boca-raton-q3,kw:pool,fiberglass pool installation,26.3587,-80.0831,13,P3
fl-deltona-q0,pool,Swimming pool contractor,28.9005,-81.2637,13,P1
fl-deltona-q1,kw:pool,swimming pool builder,28.9005,-81.2637,13,P3
fl-deltona-q2,kw:pool,inground pool installation,28.9005,-81.2637,13,P3
fl-deltona-q3,kw:pool,fiberglass pool installation,28.9005,-81.2637,13,P3
fl-lehigh-acres-q0,pool,Swimming pool contractor,26.6254,-81.6248,13,P1
fl-lehigh-acres-q1,kw:pool,swimming pool builder,26.6254,-81.6248,13,P3
fl-lehigh-acres-q2,kw:pool,inground pool installation,26.6254,-81.6248,13,P3
fl-lehigh-acres-q3,kw:pool,fiberglass pool installation,26.6254,-81.6248,13,P3
fl-palm-coast-q0,pool,Swimming pool contractor,29.585,-81.2078,13,P1
fl-palm-coast-q1,kw:pool,swimming pool builder,29.585,-81.2078,13,P3
fl-palm-coast-q2,kw:pool,inground pool installation,29.585,-81.2078,13,P3
fl-palm-coast-q3,kw:pool,fiberglass pool installation,29.585,-81.2078,13,P3
fl-homestead-q0,pool,Swimming pool contractor,25.4687,-80.4776,13,P1
fl-homestead-q1,kw:pool,swimming pool builder,25.4687,-80.4776,13,P3
fl-homestead-q2,kw:pool,inground pool installation,25.4687,-80.4776,13,P3
fl-homestead-q3,kw:pool,fiberglass pool installation,25.4687,-80.4776,13,P3
fl-daytona-beach-q0,pool,Swimming pool contractor,29.2108,-81.0228,13,P1
fl-daytona-beach-q1,kw:pool,swimming pool builder,29.2108,-81.0228,13,P3
fl-daytona-beach-q2,kw:pool,inground pool installation,29.2108,-81.0228,13,P3
fl-daytona-beach-q3,kw:pool,fiberglass pool installation,29.2108,-81.0228,13,P3
fl-weston-q0,pool,Swimming pool contractor,26.1004,-80.3998,13,P1
fl-weston-q1,kw:pool,swimming pool builder,26.1004,-80.3998,13,P3
fl-weston-q2,kw:pool,inground pool installation,26.1004,-80.3998,13,P3
fl-weston-q3,kw:pool,fiberglass pool installation,26.1004,-80.3998,13,P3
fl-kissimmee-q0,pool,Swimming pool contractor,28.3047,-81.4167,13,P1
fl-kissimmee-q1,kw:pool,swimming pool builder,28.3047,-81.4167,13,P3
fl-kissimmee-q2,kw:pool,inground pool installation,28.3047,-81.4167,13,P3
fl-kissimmee-q3,kw:pool,fiberglass pool installation,28.3047,-81.4167,13,P3
fl-north-port-q0,pool,Swimming pool contractor,27.0442,-82.2359,13,P1
fl-north-port-q1,kw:pool,swimming pool builder,27.0442,-82.2359,13,P3
fl-north-port-q2,kw:pool,inground pool installation,27.0442,-82.2359,13,P3
fl-north-port-q3,kw:pool,fiberglass pool installation,27.0442,-82.2359,13,P3
fl-ocala-q0,pool,Swimming pool contractor,29.1872,-82.1401,13,P1
fl-ocala-q1,kw:pool,swimming pool builder,29.1872,-82.1401,13,P3
fl-ocala-q2,kw:pool,inground pool installation,29.1872,-82.1401,13,P3
fl-ocala-q3,kw:pool,fiberglass pool installation,29.1872,-82.1401,13,P3
fl-palm-harbor-q0,pool,Swimming pool contractor,28.0781,-82.7637,13,P1
fl-palm-harbor-q1,kw:pool,swimming pool builder,28.0781,-82.7637,13,P3
fl-palm-harbor-q2,kw:pool,inground pool installation,28.0781,-82.7637,13,P3
fl-palm-harbor-q3,kw:pool,fiberglass pool installation,28.0781,-82.7637,13,P3
fl-sarasota-q0,pool,Swimming pool contractor,27.3364,-82.5306,13,P1
fl-sarasota-q1,kw:pool,swimming pool builder,27.3364,-82.5306,13,P3
fl-sarasota-q2,kw:pool,inground pool installation,27.3364,-82.5306,13,P3
fl-sarasota-q3,kw:pool,fiberglass pool installation,27.3364,-82.5306,13,P3
fl-east-pensacola-heights-q0,pool,Swimming pool contractor,30.4288,-87.18,13,P1
fl-east-pensacola-heights-q1,kw:pool,swimming pool builder,30.4288,-87.18,13,P3
fl-east-pensacola-heights-q2,kw:pool,inground pool installation,30.4288,-87.18,13,P3
fl-east-pensacola-heights-q3,kw:pool,fiberglass pool installation,30.4288,-87.18,13,P3
fl-bonita-springs-q0,pool,Swimming pool contractor,26.3398,-81.7787,13,P1
fl-bonita-springs-q1,kw:pool,swimming pool builder,26.3398,-81.7787,13,P3
fl-bonita-springs-q2,kw:pool,inground pool installation,26.3398,-81.7787,13,P3
fl-bonita-springs-q3,kw:pool,fiberglass pool installation,26.3398,-81.7787,13,P3
fl-the-villages-q0,pool,Swimming pool contractor,28.9341,-81.9599,13,P1
fl-the-villages-q1,kw:pool,swimming pool builder,28.9341,-81.9599,13,P3
fl-the-villages-q2,kw:pool,inground pool installation,28.9341,-81.9599,13,P3
fl-the-villages-q3,kw:pool,fiberglass pool installation,28.9341,-81.9599,13,P3
fl-titusville-q0,pool,Swimming pool contractor,28.6122,-80.8076,13,P1
fl-titusville-q1,kw:pool,swimming pool builder,28.6122,-80.8076,13,P3
fl-titusville-q2,kw:pool,inground pool installation,28.6122,-80.8076,13,P3
fl-titusville-q3,kw:pool,fiberglass pool installation,28.6122,-80.8076,13,P3
fl-wesley-chapel-q0,pool,Swimming pool contractor,28.2397,-82.3279,13,P1
fl-wesley-chapel-q1,kw:pool,swimming pool builder,28.2397,-82.3279,13,P3
fl-wesley-chapel-q2,kw:pool,inground pool installation,28.2397,-82.3279,13,P3
fl-wesley-chapel-q3,kw:pool,fiberglass pool installation,28.2397,-82.3279,13,P3
fl-st-johns-q0,pool,Swimming pool contractor,30.0815,-81.5477,13,P1
fl-st-johns-q1,kw:pool,swimming pool builder,30.0815,-81.5477,13,P3
fl-st-johns-q2,kw:pool,inground pool installation,30.0815,-81.5477,13,P3
fl-st-johns-q3,kw:pool,fiberglass pool installation,30.0815,-81.5477,13,P3
fl-panama-city-q0,pool,Swimming pool contractor,30.1595,-85.6598,13,P1
fl-panama-city-q1,kw:pool,swimming pool builder,30.1595,-85.6598,13,P3
fl-panama-city-q2,kw:pool,inground pool installation,30.1595,-85.6598,13,P3
fl-panama-city-q3,kw:pool,fiberglass pool installation,30.1595,-85.6598,13,P3
fl-kendall-west-q0,pool,Swimming pool contractor,25.7065,-80.4388,13,P1
fl-kendall-west-q1,kw:pool,swimming pool builder,25.7065,-80.4388,13,P3
fl-kendall-west-q2,kw:pool,inground pool installation,25.7065,-80.4388,13,P3
fl-kendall-west-q3,kw:pool,fiberglass pool installation,25.7065,-80.4388,13,P3
fl-merritt-island-q0,pool,Swimming pool contractor,28.359,-80.69,13,P1
fl-merritt-island-q1,kw:pool,swimming pool builder,28.359,-80.69,13,P3
fl-merritt-island-q2,kw:pool,inground pool installation,28.359,-80.69,13,P3
fl-merritt-island-q3,kw:pool,fiberglass pool installation,28.359,-80.69,13,P3
fl-santa-rosa-beach-q0,pool,Swimming pool contractor,30.396,-86.2288,13,P1
fl-santa-rosa-beach-q1,kw:pool,swimming pool builder,30.396,-86.2288,13,P3
fl-santa-rosa-beach-q2,kw:pool,inground pool installation,30.396,-86.2288,13,P3
fl-santa-rosa-beach-q3,kw:pool,fiberglass pool installation,30.396,-86.2288,13,P3
fl-clermont-q0,pool,Swimming pool contractor,28.5494,-81.7729,13,P1
fl-clermont-q1,kw:pool,swimming pool builder,28.5494,-81.7729,13,P3
fl-clermont-q2,kw:pool,inground pool installation,28.5494,-81.7729,13,P3
fl-clermont-q3,kw:pool,fiberglass pool installation,28.5494,-81.7729,13,P3
fl-navarre-q0,pool,Swimming pool contractor,30.4016,-86.8636,13,P1
fl-navarre-q1,kw:pool,swimming pool builder,30.4016,-86.8636,13,P3
fl-navarre-q2,kw:pool,inground pool installation,30.4016,-86.8636,13,P3
fl-navarre-q3,kw:pool,fiberglass pool installation,30.4016,-86.8636,13,P3
fl-cantonment-q0,pool,Swimming pool contractor,30.6085,-87.34,13,P1
fl-cantonment-q1,kw:pool,swimming pool builder,30.6085,-87.34,13,P3
fl-cantonment-q2,kw:pool,inground pool installation,30.6085,-87.34,13,P3
fl-cantonment-q3,kw:pool,fiberglass pool installation,30.6085,-87.34,13,P3
fl-key-west-q0,pool,Swimming pool contractor,24.5552,-81.7816,13,P1
fl-key-west-q1,kw:pool,swimming pool builder,24.5552,-81.7816,13,P3
fl-key-west-q2,kw:pool,inground pool installation,24.5552,-81.7816,13,P3
fl-key-west-q3,kw:pool,fiberglass pool installation,24.5552,-81.7816,13,P3
ga-atlanta-q0,pool,Swimming pool contractor,33.749,-84.388,13,P1
ga-atlanta-q1,kw:pool,swimming pool builder,33.749,-84.388,13,P3
ga-atlanta-q2,kw:pool,inground pool installation,33.749,-84.388,13,P3
ga-atlanta-q3,kw:pool,fiberglass pool installation,33.749,-84.388,13,P3
ga-savannah-q0,pool,Swimming pool contractor,32.0835,-81.0998,13,P1
ga-savannah-q1,kw:pool,swimming pool builder,32.0835,-81.0998,13,P3
ga-savannah-q2,kw:pool,inground pool installation,32.0835,-81.0998,13,P3
ga-savannah-q3,kw:pool,fiberglass pool installation,32.0835,-81.0998,13,P3
ga-athens-q0,pool,Swimming pool contractor,33.9609,-83.3779,13,P1
ga-athens-q1,kw:pool,swimming pool builder,33.9609,-83.3779,13,P3
ga-athens-q2,kw:pool,inground pool installation,33.9609,-83.3779,13,P3
ga-athens-q3,kw:pool,fiberglass pool installation,33.9609,-83.3779,13,P3
ga-south-fulton-q0,pool,Swimming pool contractor,33.5926,-84.6729,13,P1
ga-south-fulton-q1,kw:pool,swimming pool builder,33.5926,-84.6729,13,P3
ga-south-fulton-q2,kw:pool,inground pool installation,33.5926,-84.6729,13,P3
ga-south-fulton-q3,kw:pool,fiberglass pool installation,33.5926,-84.6729,13,P3
ga-roswell-q0,pool,Swimming pool contractor,34.0232,-84.3616,13,P1
ga-roswell-q1,kw:pool,swimming pool builder,34.0232,-84.3616,13,P3
ga-roswell-q2,kw:pool,inground pool installation,34.0232,-84.3616,13,P3
ga-roswell-q3,kw:pool,fiberglass pool installation,34.0232,-84.3616,13,P3
ga-macon-q0,pool,Swimming pool contractor,32.8407,-83.6324,13,P1
ga-macon-q1,kw:pool,swimming pool builder,32.8407,-83.6324,13,P3
ga-macon-q2,kw:pool,inground pool installation,32.8407,-83.6324,13,P3
ga-macon-q3,kw:pool,fiberglass pool installation,32.8407,-83.6324,13,P3
ga-albany-q0,pool,Swimming pool contractor,31.5785,-84.1557,13,P1
ga-albany-q1,kw:pool,swimming pool builder,31.5785,-84.1557,13,P3
ga-albany-q2,kw:pool,inground pool installation,31.5785,-84.1557,13,P3
ga-albany-q3,kw:pool,fiberglass pool installation,31.5785,-84.1557,13,P3
ga-warner-robins-q0,pool,Swimming pool contractor,32.6157,-83.6266,13,P1
ga-warner-robins-q1,kw:pool,swimming pool builder,32.6157,-83.6266,13,P3
ga-warner-robins-q2,kw:pool,inground pool installation,32.6157,-83.6266,13,P3
ga-warner-robins-q3,kw:pool,fiberglass pool installation,32.6157,-83.6266,13,P3
ga-valdosta-q0,pool,Swimming pool contractor,30.8333,-83.2803,13,P1
ga-valdosta-q1,kw:pool,swimming pool builder,30.8333,-83.2803,13,P3
ga-valdosta-q2,kw:pool,inground pool installation,30.8333,-83.2803,13,P3
ga-valdosta-q3,kw:pool,fiberglass pool installation,30.8333,-83.2803,13,P3
ga-augusta-q0,pool,Swimming pool contractor,33.471,-81.9748,13,P1
ga-augusta-q1,kw:pool,swimming pool builder,33.471,-81.9748,13,P3
ga-augusta-q2,kw:pool,inground pool installation,33.471,-81.9748,13,P3
ga-augusta-q3,kw:pool,fiberglass pool installation,33.471,-81.9748,13,P3
ga-gainesville-q0,pool,Swimming pool contractor,34.2979,-83.8241,13,P1
ga-gainesville-q1,kw:pool,swimming pool builder,34.2979,-83.8241,13,P3
ga-gainesville-q2,kw:pool,inground pool installation,34.2979,-83.8241,13,P3
ga-gainesville-q3,kw:pool,fiberglass pool installation,34.2979,-83.8241,13,P3
ga-newnan-q0,pool,Swimming pool contractor,33.3807,-84.7997,13,P1
ga-newnan-q1,kw:pool,swimming pool builder,33.3807,-84.7997,13,P3
ga-newnan-q2,kw:pool,inground pool installation,33.3807,-84.7997,13,P3
ga-newnan-q3,kw:pool,fiberglass pool installation,33.3807,-84.7997,13,P3
ga-rome-q0,pool,Swimming pool contractor,34.257,-85.1647,13,P1
ga-rome-q1,kw:pool,swimming pool builder,34.257,-85.1647,13,P3
ga-rome-q2,kw:pool,inground pool installation,34.257,-85.1647,13,P3
ga-rome-q3,kw:pool,fiberglass pool installation,34.257,-85.1647,13,P3
ga-dalton-q0,pool,Swimming pool contractor,34.7698,-84.9702,13,P1
ga-dalton-q1,kw:pool,swimming pool builder,34.7698,-84.9702,13,P3
ga-dalton-q2,kw:pool,inground pool installation,34.7698,-84.9702,13,P3
ga-dalton-q3,kw:pool,fiberglass pool installation,34.7698,-84.9702,13,P3
ga-hinesville-q0,pool,Swimming pool contractor,31.8469,-81.596,13,P1
ga-hinesville-q1,kw:pool,swimming pool builder,31.8469,-81.596,13,P3
ga-hinesville-q2,kw:pool,inground pool installation,31.8469,-81.596,13,P3
ga-hinesville-q3,kw:pool,fiberglass pool installation,31.8469,-81.596,13,P3
ga-statesboro-q0,pool,Swimming pool contractor,32.4488,-81.7832,13,P1
ga-statesboro-q1,kw:pool,swimming pool builder,32.4488,-81.7832,13,P3
ga-statesboro-q2,kw:pool,inground pool installation,32.4488,-81.7832,13,P3
ga-statesboro-q3,kw:pool,fiberglass pool installation,32.4488,-81.7832,13,P3
ga-lawrenceville-q0,pool,Swimming pool contractor,33.9562,-83.988,13,P1
ga-lawrenceville-q1,kw:pool,swimming pool builder,33.9562,-83.988,13,P3
ga-lawrenceville-q2,kw:pool,inground pool installation,33.9562,-83.988,13,P3
ga-lawrenceville-q3,kw:pool,fiberglass pool installation,33.9562,-83.988,13,P3
ga-lagrange-q0,pool,Swimming pool contractor,33.0393,-85.0313,13,P1
ga-lagrange-q1,kw:pool,swimming pool builder,33.0393,-85.0313,13,P3
ga-lagrange-q2,kw:pool,inground pool installation,33.0393,-85.0313,13,P3
ga-lagrange-q3,kw:pool,fiberglass pool installation,33.0393,-85.0313,13,P3
ga-stockbridge-q0,pool,Swimming pool contractor,33.5443,-84.2338,13,P1
ga-stockbridge-q1,kw:pool,swimming pool builder,33.5443,-84.2338,13,P3
ga-stockbridge-q2,kw:pool,inground pool installation,33.5443,-84.2338,13,P3
ga-stockbridge-q3,kw:pool,fiberglass pool installation,33.5443,-84.2338,13,P3
ga-carrollton-q0,pool,Swimming pool contractor,33.5801,-85.0766,13,P1
ga-carrollton-q1,kw:pool,swimming pool builder,33.5801,-85.0766,13,P3
ga-carrollton-q2,kw:pool,inground pool installation,33.5801,-85.0766,13,P3
ga-carrollton-q3,kw:pool,fiberglass pool installation,33.5801,-85.0766,13,P3
ga-canton-q0,pool,Swimming pool contractor,34.2368,-84.4908,13,P1
ga-canton-q1,kw:pool,swimming pool builder,34.2368,-84.4908,13,P3
ga-canton-q2,kw:pool,inground pool installation,34.2368,-84.4908,13,P3
ga-canton-q3,kw:pool,fiberglass pool installation,34.2368,-84.4908,13,P3
hi-honolulu-q0,pool,Swimming pool contractor,21.3069,-157.8583,13,P1
hi-honolulu-q1,kw:pool,swimming pool builder,21.3069,-157.8583,13,P3
hi-honolulu-q2,kw:pool,inground pool installation,21.3069,-157.8583,13,P3
hi-honolulu-q3,kw:pool,fiberglass pool installation,21.3069,-157.8583,13,P3
hi-hilo-q0,pool,Swimming pool contractor,19.7299,-155.0907,13,P1
hi-hilo-q1,kw:pool,swimming pool builder,19.7299,-155.0907,13,P3
hi-hilo-q2,kw:pool,inground pool installation,19.7299,-155.0907,13,P3
hi-hilo-q3,kw:pool,fiberglass pool installation,19.7299,-155.0907,13,P3
hi-kahului-q0,pool,Swimming pool contractor,20.8893,-156.4729,13,P1
hi-kahului-q1,kw:pool,swimming pool builder,20.8893,-156.4729,13,P3
hi-kahului-q2,kw:pool,inground pool installation,20.8893,-156.4729,13,P3
hi-kahului-q3,kw:pool,fiberglass pool installation,20.8893,-156.4729,13,P3
hi-wahiawā-whitmore-q0,pool,Swimming pool contractor,21.5056,-158.0335,13,P1
hi-wahiawā-whitmore-q1,kw:pool,swimming pool builder,21.5056,-158.0335,13,P3
hi-wahiawā-whitmore-q2,kw:pool,inground pool installation,21.5056,-158.0335,13,P3
hi-wahiawā-whitmore-q3,kw:pool,fiberglass pool installation,21.5056,-158.0335,13,P3
la-new-orleans-q0,pool,Swimming pool contractor,29.9547,-90.0751,13,P1
la-new-orleans-q1,kw:pool,swimming pool builder,29.9547,-90.0751,13,P3
la-new-orleans-q2,kw:pool,inground pool installation,29.9547,-90.0751,13,P3
la-new-orleans-q3,kw:pool,fiberglass pool installation,29.9547,-90.0751,13,P3
la-baton-rouge-q0,pool,Swimming pool contractor,30.4433,-91.1875,13,P1
la-baton-rouge-q1,kw:pool,swimming pool builder,30.4433,-91.1875,13,P3
la-baton-rouge-q2,kw:pool,inground pool installation,30.4433,-91.1875,13,P3
la-baton-rouge-q3,kw:pool,fiberglass pool installation,30.4433,-91.1875,13,P3
la-shreveport-q0,pool,Swimming pool contractor,32.5251,-93.7502,13,P1
la-shreveport-q1,kw:pool,swimming pool builder,32.5251,-93.7502,13,P3
la-shreveport-q2,kw:pool,inground pool installation,32.5251,-93.7502,13,P3
la-shreveport-q3,kw:pool,fiberglass pool installation,32.5251,-93.7502,13,P3
la-lafayette-q0,pool,Swimming pool contractor,30.2241,-92.0198,13,P1
la-lafayette-q1,kw:pool,swimming pool builder,30.2241,-92.0198,13,P3
la-lafayette-q2,kw:pool,inground pool installation,30.2241,-92.0198,13,P3
la-lafayette-q3,kw:pool,fiberglass pool installation,30.2241,-92.0198,13,P3
la-lake-charles-q0,pool,Swimming pool contractor,30.2131,-93.2044,13,P1
la-lake-charles-q1,kw:pool,swimming pool builder,30.2131,-93.2044,13,P3
la-lake-charles-q2,kw:pool,inground pool installation,30.2131,-93.2044,13,P3
la-lake-charles-q3,kw:pool,fiberglass pool installation,30.2131,-93.2044,13,P3
la-monroe-q0,pool,Swimming pool contractor,32.5093,-92.1193,13,P1
la-monroe-q1,kw:pool,swimming pool builder,32.5093,-92.1193,13,P3
la-monroe-q2,kw:pool,inground pool installation,32.5093,-92.1193,13,P3
la-monroe-q3,kw:pool,fiberglass pool installation,32.5093,-92.1193,13,P3
la-alexandria-q0,pool,Swimming pool contractor,31.3113,-92.4451,13,P1
la-alexandria-q1,kw:pool,swimming pool builder,31.3113,-92.4451,13,P3
la-alexandria-q2,kw:pool,inground pool installation,31.3113,-92.4451,13,P3
la-alexandria-q3,kw:pool,fiberglass pool installation,31.3113,-92.4451,13,P3
la-houma-q0,pool,Swimming pool contractor,29.5958,-90.7195,13,P1
la-houma-q1,kw:pool,swimming pool builder,29.5958,-90.7195,13,P3
la-houma-q2,kw:pool,inground pool installation,29.5958,-90.7195,13,P3
la-houma-q3,kw:pool,fiberglass pool installation,29.5958,-90.7195,13,P3
la-new-iberia-q0,pool,Swimming pool contractor,30.0035,-91.8187,13,P1
la-new-iberia-q1,kw:pool,swimming pool builder,30.0035,-91.8187,13,P3
la-new-iberia-q2,kw:pool,inground pool installation,30.0035,-91.8187,13,P3
la-new-iberia-q3,kw:pool,fiberglass pool installation,30.0035,-91.8187,13,P3
la-laplace-q0,pool,Swimming pool contractor,30.067,-90.4815,13,P1
la-laplace-q1,kw:pool,swimming pool builder,30.067,-90.4815,13,P3
la-laplace-q2,kw:pool,inground pool installation,30.067,-90.4815,13,P3
la-laplace-q3,kw:pool,fiberglass pool installation,30.067,-90.4815,13,P3
la-slidell-q0,pool,Swimming pool contractor,30.2752,-89.7812,13,P1
la-slidell-q1,kw:pool,swimming pool builder,30.2752,-89.7812,13,P3
la-slidell-q2,kw:pool,inground pool installation,30.2752,-89.7812,13,P3
la-slidell-q3,kw:pool,fiberglass pool installation,30.2752,-89.7812,13,P3
la-prairieville-q0,pool,Swimming pool contractor,30.303,-90.972,13,P1
la-prairieville-q1,kw:pool,swimming pool builder,30.303,-90.972,13,P3
la-prairieville-q2,kw:pool,inground pool installation,30.303,-90.972,13,P3
la-prairieville-q3,kw:pool,fiberglass pool installation,30.303,-90.972,13,P3
ms-jackson-q0,pool,Swimming pool contractor,32.2988,-90.1848,13,P1
ms-jackson-q1,kw:pool,swimming pool builder,32.2988,-90.1848,13,P3
ms-jackson-q2,kw:pool,inground pool installation,32.2988,-90.1848,13,P3
ms-jackson-q3,kw:pool,fiberglass pool installation,32.2988,-90.1848,13,P3
ms-gulfport-q0,pool,Swimming pool contractor,30.3674,-89.0928,13,P1
ms-gulfport-q1,kw:pool,swimming pool builder,30.3674,-89.0928,13,P3
ms-gulfport-q2,kw:pool,inground pool installation,30.3674,-89.0928,13,P3
ms-gulfport-q3,kw:pool,fiberglass pool installation,30.3674,-89.0928,13,P3
ms-hattiesburg-q0,pool,Swimming pool contractor,31.3271,-89.2903,13,P1
ms-hattiesburg-q1,kw:pool,swimming pool builder,31.3271,-89.2903,13,P3
ms-hattiesburg-q2,kw:pool,inground pool installation,31.3271,-89.2903,13,P3
ms-hattiesburg-q3,kw:pool,fiberglass pool installation,31.3271,-89.2903,13,P3
ms-meridian-q0,pool,Swimming pool contractor,32.3643,-88.7037,13,P1
ms-meridian-q1,kw:pool,swimming pool builder,32.3643,-88.7037,13,P3
ms-meridian-q2,kw:pool,inground pool installation,32.3643,-88.7037,13,P3
ms-meridian-q3,kw:pool,fiberglass pool installation,32.3643,-88.7037,13,P3
ms-olive-branch-q0,pool,Swimming pool contractor,34.9618,-89.8295,13,P1
ms-olive-branch-q1,kw:pool,swimming pool builder,34.9618,-89.8295,13,P3
ms-olive-branch-q2,kw:pool,inground pool installation,34.9618,-89.8295,13,P3
ms-olive-branch-q3,kw:pool,fiberglass pool installation,34.9618,-89.8295,13,P3
ms-tupelo-q0,pool,Swimming pool contractor,34.2581,-88.7046,13,P1
ms-tupelo-q1,kw:pool,swimming pool builder,34.2581,-88.7046,13,P3
ms-tupelo-q2,kw:pool,inground pool installation,34.2581,-88.7046,13,P3
ms-tupelo-q3,kw:pool,fiberglass pool installation,34.2581,-88.7046,13,P3
ms-greenville-q0,pool,Swimming pool contractor,33.409,-91.0598,13,P1
ms-greenville-q1,kw:pool,swimming pool builder,33.409,-91.0598,13,P3
ms-greenville-q2,kw:pool,inground pool installation,33.409,-91.0598,13,P3
ms-greenville-q3,kw:pool,fiberglass pool installation,33.409,-91.0598,13,P3
ms-starkville-q0,pool,Swimming pool contractor,33.4505,-88.8196,13,P1
ms-starkville-q1,kw:pool,swimming pool builder,33.4505,-88.8196,13,P3
ms-starkville-q2,kw:pool,inground pool installation,33.4505,-88.8196,13,P3
ms-starkville-q3,kw:pool,fiberglass pool installation,33.4505,-88.8196,13,P3
ms-greenwood-q0,pool,Swimming pool contractor,33.5162,-90.1795,13,P1
ms-greenwood-q1,kw:pool,swimming pool builder,33.5162,-90.1795,13,P3
ms-greenwood-q2,kw:pool,inground pool installation,33.5162,-90.1795,13,P3
ms-greenwood-q3,kw:pool,fiberglass pool installation,33.5162,-90.1795,13,P3
ms-natchez-q0,pool,Swimming pool contractor,31.5602,-91.4033,13,P1
ms-natchez-q1,kw:pool,swimming pool builder,31.5602,-91.4033,13,P3
ms-natchez-q2,kw:pool,inground pool installation,31.5602,-91.4033,13,P3
ms-natchez-q3,kw:pool,fiberglass pool installation,31.5602,-91.4033,13,P3
nc-charlotte-q0,pool,Swimming pool contractor,35.2271,-80.8431,13,P1
nc-charlotte-q1,kw:pool,swimming pool builder,35.2271,-80.8431,13,P3
nc-charlotte-q2,kw:pool,inground pool installation,35.2271,-80.8431,13,P3
nc-charlotte-q3,kw:pool,fiberglass pool installation,35.2271,-80.8431,13,P3
nc-raleigh-q0,pool,Swimming pool contractor,35.7721,-78.6386,13,P1
nc-raleigh-q1,kw:pool,swimming pool builder,35.7721,-78.6386,13,P3
nc-raleigh-q2,kw:pool,inground pool installation,35.7721,-78.6386,13,P3
nc-raleigh-q3,kw:pool,fiberglass pool installation,35.7721,-78.6386,13,P3
nc-greensboro-q0,pool,Swimming pool contractor,36.0726,-79.792,13,P1
nc-greensboro-q1,kw:pool,swimming pool builder,36.0726,-79.792,13,P3
nc-greensboro-q2,kw:pool,inground pool installation,36.0726,-79.792,13,P3
nc-greensboro-q3,kw:pool,fiberglass pool installation,36.0726,-79.792,13,P3
nc-durham-q0,pool,Swimming pool contractor,35.994,-78.8986,13,P1
nc-durham-q1,kw:pool,swimming pool builder,35.994,-78.8986,13,P3
nc-durham-q2,kw:pool,inground pool installation,35.994,-78.8986,13,P3
nc-durham-q3,kw:pool,fiberglass pool installation,35.994,-78.8986,13,P3
nc-winston-salem-q0,pool,Swimming pool contractor,36.0999,-80.2442,13,P1
nc-winston-salem-q1,kw:pool,swimming pool builder,36.0999,-80.2442,13,P3
nc-winston-salem-q2,kw:pool,inground pool installation,36.0999,-80.2442,13,P3
nc-winston-salem-q3,kw:pool,fiberglass pool installation,36.0999,-80.2442,13,P3
nc-fayetteville-q0,pool,Swimming pool contractor,35.0527,-78.8784,13,P1
nc-fayetteville-q1,kw:pool,swimming pool builder,35.0527,-78.8784,13,P3
nc-fayetteville-q2,kw:pool,inground pool installation,35.0527,-78.8784,13,P3
nc-fayetteville-q3,kw:pool,fiberglass pool installation,35.0527,-78.8784,13,P3
nc-wilmington-q0,pool,Swimming pool contractor,34.2356,-77.946,13,P1
nc-wilmington-q1,kw:pool,swimming pool builder,34.2356,-77.946,13,P3
nc-wilmington-q2,kw:pool,inground pool installation,34.2356,-77.946,13,P3
nc-wilmington-q3,kw:pool,fiberglass pool installation,34.2356,-77.946,13,P3
nc-asheville-q0,pool,Swimming pool contractor,35.6009,-82.554,13,P1
nc-asheville-q1,kw:pool,swimming pool builder,35.6009,-82.554,13,P3
nc-asheville-q2,kw:pool,inground pool installation,35.6009,-82.554,13,P3
nc-asheville-q3,kw:pool,fiberglass pool installation,35.6009,-82.554,13,P3
nc-greenville-q0,pool,Swimming pool contractor,35.6127,-77.3663,13,P1
nc-greenville-q1,kw:pool,swimming pool builder,35.6127,-77.3663,13,P3
nc-greenville-q2,kw:pool,inground pool installation,35.6127,-77.3663,13,P3
nc-greenville-q3,kw:pool,fiberglass pool installation,35.6127,-77.3663,13,P3
nc-concord-q0,pool,Swimming pool contractor,35.4089,-80.5816,13,P1
nc-concord-q1,kw:pool,swimming pool builder,35.4089,-80.5816,13,P3
nc-concord-q2,kw:pool,inground pool installation,35.4089,-80.5816,13,P3
nc-concord-q3,kw:pool,fiberglass pool installation,35.4089,-80.5816,13,P3
nc-gastonia-q0,pool,Swimming pool contractor,35.2621,-81.1873,13,P1
nc-gastonia-q1,kw:pool,swimming pool builder,35.2621,-81.1873,13,P3
nc-gastonia-q2,kw:pool,inground pool installation,35.2621,-81.1873,13,P3
nc-gastonia-q3,kw:pool,fiberglass pool installation,35.2621,-81.1873,13,P3
nc-jacksonville-q0,pool,Swimming pool contractor,34.754,-77.4302,13,P1
nc-jacksonville-q1,kw:pool,swimming pool builder,34.754,-77.4302,13,P3
nc-jacksonville-q2,kw:pool,inground pool installation,34.754,-77.4302,13,P3
nc-jacksonville-q3,kw:pool,fiberglass pool installation,34.754,-77.4302,13,P3
nc-rocky-mount-q0,pool,Swimming pool contractor,35.9382,-77.7905,13,P1
nc-rocky-mount-q1,kw:pool,swimming pool builder,35.9382,-77.7905,13,P3
nc-rocky-mount-q2,kw:pool,inground pool installation,35.9382,-77.7905,13,P3
nc-rocky-mount-q3,kw:pool,fiberglass pool installation,35.9382,-77.7905,13,P3
nc-burlington-q0,pool,Swimming pool contractor,36.0957,-79.4378,13,P1
nc-burlington-q1,kw:pool,swimming pool builder,36.0957,-79.4378,13,P3
nc-burlington-q2,kw:pool,inground pool installation,36.0957,-79.4378,13,P3
nc-burlington-q3,kw:pool,fiberglass pool installation,36.0957,-79.4378,13,P3
nc-wilson-q0,pool,Swimming pool contractor,35.7213,-77.9155,13,P1
nc-wilson-q1,kw:pool,swimming pool builder,35.7213,-77.9155,13,P3
nc-wilson-q2,kw:pool,inground pool installation,35.7213,-77.9155,13,P3
nc-wilson-q3,kw:pool,fiberglass pool installation,35.7213,-77.9155,13,P3
nc-hickory-q0,pool,Swimming pool contractor,35.7332,-81.3412,13,P1
nc-hickory-q1,kw:pool,swimming pool builder,35.7332,-81.3412,13,P3
nc-hickory-q2,kw:pool,inground pool installation,35.7332,-81.3412,13,P3
nc-hickory-q3,kw:pool,fiberglass pool installation,35.7332,-81.3412,13,P3
nc-wake-forest-q0,pool,Swimming pool contractor,35.9799,-78.5097,13,P1
nc-wake-forest-q1,kw:pool,swimming pool builder,35.9799,-78.5097,13,P3
nc-wake-forest-q2,kw:pool,inground pool installation,35.9799,-78.5097,13,P3
nc-wake-forest-q3,kw:pool,fiberglass pool installation,35.9799,-78.5097,13,P3
nc-mooresville-q0,pool,Swimming pool contractor,35.5849,-80.8101,13,P1
nc-mooresville-q1,kw:pool,swimming pool builder,35.5849,-80.8101,13,P3
nc-mooresville-q2,kw:pool,inground pool installation,35.5849,-80.8101,13,P3
nc-mooresville-q3,kw:pool,fiberglass pool installation,35.5849,-80.8101,13,P3
nc-goldsboro-q0,pool,Swimming pool contractor,35.3849,-77.9928,13,P1
nc-goldsboro-q1,kw:pool,swimming pool builder,35.3849,-77.9928,13,P3
nc-goldsboro-q2,kw:pool,inground pool installation,35.3849,-77.9928,13,P3
nc-goldsboro-q3,kw:pool,fiberglass pool installation,35.3849,-77.9928,13,P3
nc-monroe-q0,pool,Swimming pool contractor,34.9854,-80.5495,13,P1
nc-monroe-q1,kw:pool,swimming pool builder,34.9854,-80.5495,13,P3
nc-monroe-q2,kw:pool,inground pool installation,34.9854,-80.5495,13,P3
nc-monroe-q3,kw:pool,fiberglass pool installation,34.9854,-80.5495,13,P3
nc-salisbury-q0,pool,Swimming pool contractor,35.671,-80.4742,13,P1
nc-salisbury-q1,kw:pool,swimming pool builder,35.671,-80.4742,13,P3
nc-salisbury-q2,kw:pool,inground pool installation,35.671,-80.4742,13,P3
nc-salisbury-q3,kw:pool,fiberglass pool installation,35.671,-80.4742,13,P3
nc-new-bern-q0,pool,Swimming pool contractor,35.1085,-77.0441,13,P1
nc-new-bern-q1,kw:pool,swimming pool builder,35.1085,-77.0441,13,P3
nc-new-bern-q2,kw:pool,inground pool installation,35.1085,-77.0441,13,P3
nc-new-bern-q3,kw:pool,fiberglass pool installation,35.1085,-77.0441,13,P3
nc-sanford-q0,pool,Swimming pool contractor,35.4799,-79.1803,13,P1
nc-sanford-q1,kw:pool,swimming pool builder,35.4799,-79.1803,13,P3
nc-sanford-q2,kw:pool,inground pool installation,35.4799,-79.1803,13,P3
nc-sanford-q3,kw:pool,fiberglass pool installation,35.4799,-79.1803,13,P3
nc-thomasville-q0,pool,Swimming pool contractor,35.8826,-80.082,13,P1
nc-thomasville-q1,kw:pool,swimming pool builder,35.8826,-80.082,13,P3
nc-thomasville-q2,kw:pool,inground pool installation,35.8826,-80.082,13,P3
nc-thomasville-q3,kw:pool,fiberglass pool installation,35.8826,-80.082,13,P3
nc-asheboro-q0,pool,Swimming pool contractor,35.7079,-79.8136,13,P1
nc-asheboro-q1,kw:pool,swimming pool builder,35.7079,-79.8136,13,P3
nc-asheboro-q2,kw:pool,inground pool installation,35.7079,-79.8136,13,P3
nc-asheboro-q3,kw:pool,fiberglass pool installation,35.7079,-79.8136,13,P3
nm-albuquerque-q0,pool,Swimming pool contractor,35.0845,-106.6511,13,P1
nm-albuquerque-q1,kw:pool,swimming pool builder,35.0845,-106.6511,13,P3
nm-albuquerque-q2,kw:pool,inground pool installation,35.0845,-106.6511,13,P3
nm-albuquerque-q3,kw:pool,fiberglass pool installation,35.0845,-106.6511,13,P3
nm-las-cruces-q0,pool,Swimming pool contractor,32.3123,-106.7783,13,P1
nm-las-cruces-q1,kw:pool,swimming pool builder,32.3123,-106.7783,13,P3
nm-las-cruces-q2,kw:pool,inground pool installation,32.3123,-106.7783,13,P3
nm-las-cruces-q3,kw:pool,fiberglass pool installation,32.3123,-106.7783,13,P3
nm-enchanted-hills-q0,pool,Swimming pool contractor,35.3368,-106.593,13,P1
nm-enchanted-hills-q1,kw:pool,swimming pool builder,35.3368,-106.593,13,P3
nm-enchanted-hills-q2,kw:pool,inground pool installation,35.3368,-106.593,13,P3
nm-enchanted-hills-q3,kw:pool,fiberglass pool installation,35.3368,-106.593,13,P3
nm-santa-fe-q0,pool,Swimming pool contractor,35.687,-105.9378,13,P1
nm-santa-fe-q1,kw:pool,swimming pool builder,35.687,-105.9378,13,P3
nm-santa-fe-q2,kw:pool,inground pool installation,35.687,-105.9378,13,P3
nm-santa-fe-q3,kw:pool,fiberglass pool installation,35.687,-105.9378,13,P3
nm-roswell-q0,pool,Swimming pool contractor,33.3944,-104.5249,13,P1
nm-roswell-q1,kw:pool,swimming pool builder,33.3944,-104.5249,13,P3
nm-roswell-q2,kw:pool,inground pool installation,33.3944,-104.5249,13,P3
nm-roswell-q3,kw:pool,fiberglass pool installation,33.3944,-104.5249,13,P3
nm-farmington-q0,pool,Swimming pool contractor,36.7281,-108.2187,13,P1
nm-farmington-q1,kw:pool,swimming pool builder,36.7281,-108.2187,13,P3
nm-farmington-q2,kw:pool,inground pool installation,36.7281,-108.2187,13,P3
nm-farmington-q3,kw:pool,fiberglass pool installation,36.7281,-108.2187,13,P3
nm-clovis-q0,pool,Swimming pool contractor,34.4048,-103.2052,13,P1
nm-clovis-q1,kw:pool,swimming pool builder,34.4048,-103.2052,13,P3
nm-clovis-q2,kw:pool,inground pool installation,34.4048,-103.2052,13,P3
nm-clovis-q3,kw:pool,fiberglass pool installation,34.4048,-103.2052,13,P3
nm-hobbs-q0,pool,Swimming pool contractor,32.7026,-103.136,13,P1
nm-hobbs-q1,kw:pool,swimming pool builder,32.7026,-103.136,13,P3
nm-hobbs-q2,kw:pool,inground pool installation,32.7026,-103.136,13,P3
nm-hobbs-q3,kw:pool,fiberglass pool installation,32.7026,-103.136,13,P3
nm-alamogordo-q0,pool,Swimming pool contractor,32.8995,-105.9603,13,P1
nm-alamogordo-q1,kw:pool,swimming pool builder,32.8995,-105.9603,13,P3
nm-alamogordo-q2,kw:pool,inground pool installation,32.8995,-105.9603,13,P3
nm-alamogordo-q3,kw:pool,fiberglass pool installation,32.8995,-105.9603,13,P3
nm-carlsbad-q0,pool,Swimming pool contractor,32.4207,-104.2288,13,P1
nm-carlsbad-q1,kw:pool,swimming pool builder,32.4207,-104.2288,13,P3
nm-carlsbad-q2,kw:pool,inground pool installation,32.4207,-104.2288,13,P3
nm-carlsbad-q3,kw:pool,fiberglass pool installation,32.4207,-104.2288,13,P3
nm-gallup-q0,pool,Swimming pool contractor,35.5281,-108.7426,13,P1
nm-gallup-q1,kw:pool,swimming pool builder,35.5281,-108.7426,13,P3
nm-gallup-q2,kw:pool,inground pool installation,35.5281,-108.7426,13,P3
nm-gallup-q3,kw:pool,fiberglass pool installation,35.5281,-108.7426,13,P3
nv-las-vegas-q0,pool,Swimming pool contractor,36.175,-115.1372,13,P1
nv-las-vegas-q1,kw:pool,swimming pool builder,36.175,-115.1372,13,P3
nv-las-vegas-q2,kw:pool,inground pool installation,36.175,-115.1372,13,P3
nv-las-vegas-q3,kw:pool,fiberglass pool installation,36.175,-115.1372,13,P3
nv-reno-q0,pool,Swimming pool contractor,39.5296,-119.8138,13,P1
nv-reno-q1,kw:pool,swimming pool builder,39.5296,-119.8138,13,P3
nv-reno-q2,kw:pool,inground pool installation,39.5296,-119.8138,13,P3
nv-reno-q3,kw:pool,fiberglass pool installation,39.5296,-119.8138,13,P3
nv-carson-city-q0,pool,Swimming pool contractor,39.1638,-119.7674,13,P1
nv-carson-city-q1,kw:pool,swimming pool builder,39.1638,-119.7674,13,P3
nv-carson-city-q2,kw:pool,inground pool installation,39.1638,-119.7674,13,P3
nv-carson-city-q3,kw:pool,fiberglass pool installation,39.1638,-119.7674,13,P3
nv-pahrump-q0,pool,Swimming pool contractor,36.2083,-115.9839,13,P1
nv-pahrump-q1,kw:pool,swimming pool builder,36.2083,-115.9839,13,P3
nv-pahrump-q2,kw:pool,inground pool installation,36.2083,-115.9839,13,P3
nv-pahrump-q3,kw:pool,fiberglass pool installation,36.2083,-115.9839,13,P3
nv-elko-q0,pool,Swimming pool contractor,40.8324,-115.7631,13,P1
nv-elko-q1,kw:pool,swimming pool builder,40.8324,-115.7631,13,P3
nv-elko-q2,kw:pool,inground pool installation,40.8324,-115.7631,13,P3
nv-elko-q3,kw:pool,fiberglass pool installation,40.8324,-115.7631,13,P3
ok-oklahoma-city-q0,pool,Swimming pool contractor,35.4676,-97.5164,13,P1
ok-oklahoma-city-q1,kw:pool,swimming pool builder,35.4676,-97.5164,13,P3
ok-oklahoma-city-q2,kw:pool,inground pool installation,35.4676,-97.5164,13,P3
ok-oklahoma-city-q3,kw:pool,fiberglass pool installation,35.4676,-97.5164,13,P3
ok-tulsa-q0,pool,Swimming pool contractor,36.154,-95.9928,13,P1
ok-tulsa-q1,kw:pool,swimming pool builder,36.154,-95.9928,13,P3
ok-tulsa-q2,kw:pool,inground pool installation,36.154,-95.9928,13,P3
ok-tulsa-q3,kw:pool,fiberglass pool installation,36.154,-95.9928,13,P3
ok-norman-q0,pool,Swimming pool contractor,35.2226,-97.4395,13,P1
ok-norman-q1,kw:pool,swimming pool builder,35.2226,-97.4395,13,P3
ok-norman-q2,kw:pool,inground pool installation,35.2226,-97.4395,13,P3
ok-norman-q3,kw:pool,fiberglass pool installation,35.2226,-97.4395,13,P3
ok-lawton-q0,pool,Swimming pool contractor,34.6087,-98.3903,13,P1
ok-lawton-q1,kw:pool,swimming pool builder,34.6087,-98.3903,13,P3
ok-lawton-q2,kw:pool,inground pool installation,34.6087,-98.3903,13,P3
ok-lawton-q3,kw:pool,fiberglass pool installation,34.6087,-98.3903,13,P3
ok-enid-q0,pool,Swimming pool contractor,36.3956,-97.8784,13,P1
ok-enid-q1,kw:pool,swimming pool builder,36.3956,-97.8784,13,P3
ok-enid-q2,kw:pool,inground pool installation,36.3956,-97.8784,13,P3
ok-enid-q3,kw:pool,fiberglass pool installation,36.3956,-97.8784,13,P3
ok-stillwater-q0,pool,Swimming pool contractor,36.1156,-97.0584,13,P1
ok-stillwater-q1,kw:pool,swimming pool builder,36.1156,-97.0584,13,P3
ok-stillwater-q2,kw:pool,inground pool installation,36.1156,-97.0584,13,P3
ok-stillwater-q3,kw:pool,fiberglass pool installation,36.1156,-97.0584,13,P3
ok-muskogee-q0,pool,Swimming pool contractor,35.7479,-95.3697,13,P1
ok-muskogee-q1,kw:pool,swimming pool builder,35.7479,-95.3697,13,P3
ok-muskogee-q2,kw:pool,inground pool installation,35.7479,-95.3697,13,P3
ok-muskogee-q3,kw:pool,fiberglass pool installation,35.7479,-95.3697,13,P3
ok-bartlesville-q0,pool,Swimming pool contractor,36.7473,-95.9808,13,P1
ok-bartlesville-q1,kw:pool,swimming pool builder,36.7473,-95.9808,13,P3
ok-bartlesville-q2,kw:pool,inground pool installation,36.7473,-95.9808,13,P3
ok-bartlesville-q3,kw:pool,fiberglass pool installation,36.7473,-95.9808,13,P3
ok-shawnee-q0,pool,Swimming pool contractor,35.3273,-96.9253,13,P1
ok-shawnee-q1,kw:pool,swimming pool builder,35.3273,-96.9253,13,P3
ok-shawnee-q2,kw:pool,inground pool installation,35.3273,-96.9253,13,P3
ok-shawnee-q3,kw:pool,fiberglass pool installation,35.3273,-96.9253,13,P3
ok-ardmore-q0,pool,Swimming pool contractor,34.1743,-97.1436,13,P1
ok-ardmore-q1,kw:pool,swimming pool builder,34.1743,-97.1436,13,P3
ok-ardmore-q2,kw:pool,inground pool installation,34.1743,-97.1436,13,P3
ok-ardmore-q3,kw:pool,fiberglass pool installation,34.1743,-97.1436,13,P3
ok-altus-q0,pool,Swimming pool contractor,34.6381,-99.334,13,P1
ok-altus-q1,kw:pool,swimming pool builder,34.6381,-99.334,13,P3
ok-altus-q2,kw:pool,inground pool installation,34.6381,-99.334,13,P3
ok-altus-q3,kw:pool,fiberglass pool installation,34.6381,-99.334,13,P3
ok-mcalester-q0,pool,Swimming pool contractor,34.9334,-95.7697,13,P1
ok-mcalester-q1,kw:pool,swimming pool builder,34.9334,-95.7697,13,P3
ok-mcalester-q2,kw:pool,inground pool installation,34.9334,-95.7697,13,P3
ok-mcalester-q3,kw:pool,fiberglass pool installation,34.9334,-95.7697,13,P3
sc-columbia-q0,pool,Swimming pool contractor,34.0007,-81.0348,13,P1
sc-columbia-q1,kw:pool,swimming pool builder,34.0007,-81.0348,13,P3
sc-columbia-q2,kw:pool,inground pool installation,34.0007,-81.0348,13,P3
sc-columbia-q3,kw:pool,fiberglass pool installation,34.0007,-81.0348,13,P3
sc-charleston-q0,pool,Swimming pool contractor,32.7763,-79.9327,13,P1
sc-charleston-q1,kw:pool,swimming pool builder,32.7763,-79.9327,13,P3
sc-charleston-q2,kw:pool,inground pool installation,32.7763,-79.9327,13,P3
sc-charleston-q3,kw:pool,fiberglass pool installation,32.7763,-79.9327,13,P3
sc-rock-hill-q0,pool,Swimming pool contractor,34.9249,-81.0251,13,P1
sc-rock-hill-q1,kw:pool,swimming pool builder,34.9249,-81.0251,13,P3
sc-rock-hill-q2,kw:pool,inground pool installation,34.9249,-81.0251,13,P3
sc-rock-hill-q3,kw:pool,fiberglass pool installation,34.9249,-81.0251,13,P3
sc-greenville-q0,pool,Swimming pool contractor,34.8526,-82.394,13,P1
sc-greenville-q1,kw:pool,swimming pool builder,34.8526,-82.394,13,P3
sc-greenville-q2,kw:pool,inground pool installation,34.8526,-82.394,13,P3
sc-greenville-q3,kw:pool,fiberglass pool installation,34.8526,-82.394,13,P3
sc-summerville-q0,pool,Swimming pool contractor,33.0185,-80.1757,13,P1
sc-summerville-q1,kw:pool,swimming pool builder,33.0185,-80.1757,13,P3
sc-summerville-q2,kw:pool,inground pool installation,33.0185,-80.1757,13,P3
sc-summerville-q3,kw:pool,fiberglass pool installation,33.0185,-80.1757,13,P3
sc-sumter-q0,pool,Swimming pool contractor,33.9204,-80.3415,13,P1
sc-sumter-q1,kw:pool,swimming pool builder,33.9204,-80.3415,13,P3
sc-sumter-q2,kw:pool,inground pool installation,33.9204,-80.3415,13,P3
sc-sumter-q3,kw:pool,fiberglass pool installation,33.9204,-80.3415,13,P3
sc-hilton-head-island-q0,pool,Swimming pool contractor,32.1938,-80.7382,13,P1
sc-hilton-head-island-q1,kw:pool,swimming pool builder,32.1938,-80.7382,13,P3
sc-hilton-head-island-q2,kw:pool,inground pool installation,32.1938,-80.7382,13,P3
sc-hilton-head-island-q3,kw:pool,fiberglass pool installation,32.1938,-80.7382,13,P3
sc-florence-q0,pool,Swimming pool contractor,34.1954,-79.7626,13,P1
sc-florence-q1,kw:pool,swimming pool builder,34.1954,-79.7626,13,P3
sc-florence-q2,kw:pool,inground pool installation,34.1954,-79.7626,13,P3
sc-florence-q3,kw:pool,fiberglass pool installation,34.1954,-79.7626,13,P3
sc-spartanburg-q0,pool,Swimming pool contractor,34.9496,-81.9321,13,P1
sc-spartanburg-q1,kw:pool,swimming pool builder,34.9496,-81.9321,13,P3
sc-spartanburg-q2,kw:pool,inground pool installation,34.9496,-81.9321,13,P3
sc-spartanburg-q3,kw:pool,fiberglass pool installation,34.9496,-81.9321,13,P3
sc-myrtle-beach-q0,pool,Swimming pool contractor,33.6891,-78.8867,13,P1
sc-myrtle-beach-q1,kw:pool,swimming pool builder,33.6891,-78.8867,13,P3
sc-myrtle-beach-q2,kw:pool,inground pool installation,33.6891,-78.8867,13,P3
sc-myrtle-beach-q3,kw:pool,fiberglass pool installation,33.6891,-78.8867,13,P3
sc-aiken-q0,pool,Swimming pool contractor,33.5604,-81.7195,13,P1
sc-aiken-q1,kw:pool,swimming pool builder,33.5604,-81.7195,13,P3
sc-aiken-q2,kw:pool,inground pool installation,33.5604,-81.7195,13,P3
sc-aiken-q3,kw:pool,fiberglass pool installation,33.5604,-81.7195,13,P3
sc-anderson-q0,pool,Swimming pool contractor,34.5034,-82.6501,13,P1
sc-anderson-q1,kw:pool,swimming pool builder,34.5034,-82.6501,13,P3
sc-anderson-q2,kw:pool,inground pool installation,34.5034,-82.6501,13,P3
sc-anderson-q3,kw:pool,fiberglass pool installation,34.5034,-82.6501,13,P3
tn-nashville-q0,pool,Swimming pool contractor,36.1659,-86.7844,13,P1
tn-nashville-q1,kw:pool,swimming pool builder,36.1659,-86.7844,13,P3
tn-nashville-q2,kw:pool,inground pool installation,36.1659,-86.7844,13,P3
tn-nashville-q3,kw:pool,fiberglass pool installation,36.1659,-86.7844,13,P3
tn-knoxville-q0,pool,Swimming pool contractor,35.9606,-83.9207,13,P1
tn-knoxville-q1,kw:pool,swimming pool builder,35.9606,-83.9207,13,P3
tn-knoxville-q2,kw:pool,inground pool installation,35.9606,-83.9207,13,P3
tn-knoxville-q3,kw:pool,fiberglass pool installation,35.9606,-83.9207,13,P3
tn-chattanooga-q0,pool,Swimming pool contractor,35.0456,-85.3097,13,P1
tn-chattanooga-q1,kw:pool,swimming pool builder,35.0456,-85.3097,13,P3
tn-chattanooga-q2,kw:pool,inground pool installation,35.0456,-85.3097,13,P3
tn-chattanooga-q3,kw:pool,fiberglass pool installation,35.0456,-85.3097,13,P3
tn-clarksville-q0,pool,Swimming pool contractor,36.5298,-87.3594,13,P1
tn-clarksville-q1,kw:pool,swimming pool builder,36.5298,-87.3594,13,P3
tn-clarksville-q2,kw:pool,inground pool installation,36.5298,-87.3594,13,P3
tn-clarksville-q3,kw:pool,fiberglass pool installation,36.5298,-87.3594,13,P3
tn-murfreesboro-q0,pool,Swimming pool contractor,35.8456,-86.3903,13,P1
tn-murfreesboro-q1,kw:pool,swimming pool builder,35.8456,-86.3903,13,P3
tn-murfreesboro-q2,kw:pool,inground pool installation,35.8456,-86.3903,13,P3
tn-murfreesboro-q3,kw:pool,fiberglass pool installation,35.8456,-86.3903,13,P3
tn-franklin-q0,pool,Swimming pool contractor,35.9251,-86.8689,13,P1
tn-franklin-q1,kw:pool,swimming pool builder,35.9251,-86.8689,13,P3
tn-franklin-q2,kw:pool,inground pool installation,35.9251,-86.8689,13,P3
tn-franklin-q3,kw:pool,fiberglass pool installation,35.9251,-86.8689,13,P3
tn-jackson-q0,pool,Swimming pool contractor,35.6145,-88.814,13,P1
tn-jackson-q1,kw:pool,swimming pool builder,35.6145,-88.814,13,P3
tn-jackson-q2,kw:pool,inground pool installation,35.6145,-88.814,13,P3
tn-jackson-q3,kw:pool,fiberglass pool installation,35.6145,-88.814,13,P3
tn-johnson-city-q0,pool,Swimming pool contractor,36.3134,-82.3535,13,P1
tn-johnson-city-q1,kw:pool,swimming pool builder,36.3134,-82.3535,13,P3
tn-johnson-city-q2,kw:pool,inground pool installation,36.3134,-82.3535,13,P3
tn-johnson-city-q3,kw:pool,fiberglass pool installation,36.3134,-82.3535,13,P3
tn-bartlett-q0,pool,Swimming pool contractor,35.2045,-89.874,13,P1
tn-bartlett-q1,kw:pool,swimming pool builder,35.2045,-89.874,13,P3
tn-bartlett-q2,kw:pool,inground pool installation,35.2045,-89.874,13,P3
tn-bartlett-q3,kw:pool,fiberglass pool installation,35.2045,-89.874,13,P3
tn-kingsport-q0,pool,Swimming pool contractor,36.5484,-82.5618,13,P1
tn-kingsport-q1,kw:pool,swimming pool builder,36.5484,-82.5618,13,P3
tn-kingsport-q2,kw:pool,inground pool installation,36.5484,-82.5618,13,P3
tn-kingsport-q3,kw:pool,fiberglass pool installation,36.5484,-82.5618,13,P3
tn-cleveland-q0,pool,Swimming pool contractor,35.1595,-84.8766,13,P1
tn-cleveland-q1,kw:pool,swimming pool builder,35.1595,-84.8766,13,P3
tn-cleveland-q2,kw:pool,inground pool installation,35.1595,-84.8766,13,P3
tn-cleveland-q3,kw:pool,fiberglass pool installation,35.1595,-84.8766,13,P3
tn-columbia-q0,pool,Swimming pool contractor,35.6151,-87.0353,13,P1
tn-columbia-q1,kw:pool,swimming pool builder,35.6151,-87.0353,13,P3
tn-columbia-q2,kw:pool,inground pool installation,35.6151,-87.0353,13,P3
tn-columbia-q3,kw:pool,fiberglass pool installation,35.6151,-87.0353,13,P3
tn-gallatin-q0,pool,Swimming pool contractor,36.3884,-86.4467,13,P1
tn-gallatin-q1,kw:pool,swimming pool builder,36.3884,-86.4467,13,P3
tn-gallatin-q2,kw:pool,inground pool installation,36.3884,-86.4467,13,P3
tn-gallatin-q3,kw:pool,fiberglass pool installation,36.3884,-86.4467,13,P3
tn-cookeville-q0,pool,Swimming pool contractor,36.1628,-85.5016,13,P1
tn-cookeville-q1,kw:pool,swimming pool builder,36.1628,-85.5016,13,P3
tn-cookeville-q2,kw:pool,inground pool installation,36.1628,-85.5016,13,P3
tn-cookeville-q3,kw:pool,fiberglass pool installation,36.1628,-85.5016,13,P3
tn-morristown-q0,pool,Swimming pool contractor,36.214,-83.2949,13,P1
tn-morristown-q1,kw:pool,swimming pool builder,36.214,-83.2949,13,P3
tn-morristown-q2,kw:pool,inground pool installation,36.214,-83.2949,13,P3
tn-morristown-q3,kw:pool,fiberglass pool installation,36.214,-83.2949,13,P3
tn-oak-ridge-q0,pool,Swimming pool contractor,36.0104,-84.2696,13,P1
tn-oak-ridge-q1,kw:pool,swimming pool builder,36.0104,-84.2696,13,P3
tn-oak-ridge-q2,kw:pool,inground pool installation,36.0104,-84.2696,13,P3
tn-oak-ridge-q3,kw:pool,fiberglass pool installation,36.0104,-84.2696,13,P3
tn-bristol-q0,pool,Swimming pool contractor,36.5951,-82.1887,13,P1
tn-bristol-q1,kw:pool,swimming pool builder,36.5951,-82.1887,13,P3
tn-bristol-q2,kw:pool,inground pool installation,36.5951,-82.1887,13,P3
tn-bristol-q3,kw:pool,fiberglass pool installation,36.5951,-82.1887,13,P3
tx-houston-q0,pool,Swimming pool contractor,29.7633,-95.3633,13,P1
tx-houston-q1,kw:pool,swimming pool builder,29.7633,-95.3633,13,P3
tx-houston-q2,kw:pool,inground pool installation,29.7633,-95.3633,13,P3
tx-houston-q3,kw:pool,fiberglass pool installation,29.7633,-95.3633,13,P3
tx-san-antonio-q0,pool,Swimming pool contractor,29.4241,-98.4936,13,P1
tx-san-antonio-q1,kw:pool,swimming pool builder,29.4241,-98.4936,13,P3
tx-san-antonio-q2,kw:pool,inground pool installation,29.4241,-98.4936,13,P3
tx-san-antonio-q3,kw:pool,fiberglass pool installation,29.4241,-98.4936,13,P3
tx-dallas-q0,pool,Swimming pool contractor,32.7831,-96.8067,13,P1
tx-dallas-q1,kw:pool,swimming pool builder,32.7831,-96.8067,13,P3
tx-dallas-q2,kw:pool,inground pool installation,32.7831,-96.8067,13,P3
tx-dallas-q3,kw:pool,fiberglass pool installation,32.7831,-96.8067,13,P3
tx-fort-worth-q0,pool,Swimming pool contractor,32.7254,-97.3208,13,P1
tx-fort-worth-q1,kw:pool,swimming pool builder,32.7254,-97.3208,13,P3
tx-fort-worth-q2,kw:pool,inground pool installation,32.7254,-97.3208,13,P3
tx-fort-worth-q3,kw:pool,fiberglass pool installation,32.7254,-97.3208,13,P3
tx-austin-q0,pool,Swimming pool contractor,30.2672,-97.7431,13,P1
tx-austin-q1,kw:pool,swimming pool builder,30.2672,-97.7431,13,P3
tx-austin-q2,kw:pool,inground pool installation,30.2672,-97.7431,13,P3
tx-austin-q3,kw:pool,fiberglass pool installation,30.2672,-97.7431,13,P3
tx-el-paso-q0,pool,Swimming pool contractor,31.7587,-106.4869,13,P1
tx-el-paso-q1,kw:pool,swimming pool builder,31.7587,-106.4869,13,P3
tx-el-paso-q2,kw:pool,inground pool installation,31.7587,-106.4869,13,P3
tx-el-paso-q3,kw:pool,fiberglass pool installation,31.7587,-106.4869,13,P3
tx-corpus-christi-q0,pool,Swimming pool contractor,27.8006,-97.3964,13,P1
tx-corpus-christi-q1,kw:pool,swimming pool builder,27.8006,-97.3964,13,P3
tx-corpus-christi-q2,kw:pool,inground pool installation,27.8006,-97.3964,13,P3
tx-corpus-christi-q3,kw:pool,fiberglass pool installation,27.8006,-97.3964,13,P3
tx-plano-q0,pool,Swimming pool contractor,33.0198,-96.6989,13,P1
tx-plano-q1,kw:pool,swimming pool builder,33.0198,-96.6989,13,P3
tx-plano-q2,kw:pool,inground pool installation,33.0198,-96.6989,13,P3
tx-plano-q3,kw:pool,fiberglass pool installation,33.0198,-96.6989,13,P3
tx-laredo-q0,pool,Swimming pool contractor,27.5064,-99.5075,13,P1
tx-laredo-q1,kw:pool,swimming pool builder,27.5064,-99.5075,13,P3
tx-laredo-q2,kw:pool,inground pool installation,27.5064,-99.5075,13,P3
tx-laredo-q3,kw:pool,fiberglass pool installation,27.5064,-99.5075,13,P3
tx-lubbock-q0,pool,Swimming pool contractor,33.5779,-101.8552,13,P1
tx-lubbock-q1,kw:pool,swimming pool builder,33.5779,-101.8552,13,P3
tx-lubbock-q2,kw:pool,inground pool installation,33.5779,-101.8552,13,P3
tx-lubbock-q3,kw:pool,fiberglass pool installation,33.5779,-101.8552,13,P3
tx-cypress-q0,pool,Swimming pool contractor,29.9691,-95.6972,13,P1
tx-cypress-q1,kw:pool,swimming pool builder,29.9691,-95.6972,13,P3
tx-cypress-q2,kw:pool,inground pool installation,29.9691,-95.6972,13,P3
tx-cypress-q3,kw:pool,fiberglass pool installation,29.9691,-95.6972,13,P3
tx-amarillo-q0,pool,Swimming pool contractor,35.222,-101.8313,13,P1
tx-amarillo-q1,kw:pool,swimming pool builder,35.222,-101.8313,13,P3
tx-amarillo-q2,kw:pool,inground pool installation,35.222,-101.8313,13,P3
tx-amarillo-q3,kw:pool,fiberglass pool installation,35.222,-101.8313,13,P3
tx-brownsville-q0,pool,Swimming pool contractor,25.9017,-97.4975,13,P1
tx-brownsville-q1,kw:pool,swimming pool builder,25.9017,-97.4975,13,P3
tx-brownsville-q2,kw:pool,inground pool installation,25.9017,-97.4975,13,P3
tx-brownsville-q3,kw:pool,fiberglass pool installation,25.9017,-97.4975,13,P3
tx-killeen-q0,pool,Swimming pool contractor,31.1171,-97.7278,13,P1
tx-killeen-q1,kw:pool,swimming pool builder,31.1171,-97.7278,13,P3
tx-killeen-q2,kw:pool,inground pool installation,31.1171,-97.7278,13,P3
tx-killeen-q3,kw:pool,fiberglass pool installation,31.1171,-97.7278,13,P3
tx-mcallen-q0,pool,Swimming pool contractor,26.2034,-98.23,13,P1
tx-mcallen-q1,kw:pool,swimming pool builder,26.2034,-98.23,13,P3
tx-mcallen-q2,kw:pool,inground pool installation,26.2034,-98.23,13,P3
tx-mcallen-q3,kw:pool,fiberglass pool installation,26.2034,-98.23,13,P3
tx-midland-q0,pool,Swimming pool contractor,31.9974,-102.0779,13,P1
tx-midland-q1,kw:pool,swimming pool builder,31.9974,-102.0779,13,P3
tx-midland-q2,kw:pool,inground pool installation,31.9974,-102.0779,13,P3
tx-midland-q3,kw:pool,fiberglass pool installation,31.9974,-102.0779,13,P3
tx-waco-q0,pool,Swimming pool contractor,31.5493,-97.1467,13,P1
tx-waco-q1,kw:pool,swimming pool builder,31.5493,-97.1467,13,P3
tx-waco-q2,kw:pool,inground pool installation,31.5493,-97.1467,13,P3
tx-waco-q3,kw:pool,fiberglass pool installation,31.5493,-97.1467,13,P3
tx-denton-q0,pool,Swimming pool contractor,33.2148,-97.1331,13,P1
tx-denton-q1,kw:pool,swimming pool builder,33.2148,-97.1331,13,P3
tx-denton-q2,kw:pool,inground pool installation,33.2148,-97.1331,13,P3
tx-denton-q3,kw:pool,fiberglass pool installation,33.2148,-97.1331,13,P3
tx-abilene-q0,pool,Swimming pool contractor,32.4487,-99.7331,13,P1
tx-abilene-q1,kw:pool,swimming pool builder,32.4487,-99.7331,13,P3
tx-abilene-q2,kw:pool,inground pool installation,32.4487,-99.7331,13,P3
tx-abilene-q3,kw:pool,fiberglass pool installation,32.4487,-99.7331,13,P3
tx-round-rock-q0,pool,Swimming pool contractor,30.5083,-97.6789,13,P1
tx-round-rock-q1,kw:pool,swimming pool builder,30.5083,-97.6789,13,P3
tx-round-rock-q2,kw:pool,inground pool installation,30.5083,-97.6789,13,P3
tx-round-rock-q3,kw:pool,fiberglass pool installation,30.5083,-97.6789,13,P3
tx-beaumont-q0,pool,Swimming pool contractor,30.0861,-94.1018,13,P1
tx-beaumont-q1,kw:pool,swimming pool builder,30.0861,-94.1018,13,P3
tx-beaumont-q2,kw:pool,inground pool installation,30.0861,-94.1018,13,P3
tx-beaumont-q3,kw:pool,fiberglass pool installation,30.0861,-94.1018,13,P3
tx-odessa-q0,pool,Swimming pool contractor,31.8457,-102.3676,13,P1
tx-odessa-q1,kw:pool,swimming pool builder,31.8457,-102.3676,13,P3
tx-odessa-q2,kw:pool,inground pool installation,31.8457,-102.3676,13,P3
tx-odessa-q3,kw:pool,fiberglass pool installation,31.8457,-102.3676,13,P3
tx-college-station-q0,pool,Swimming pool contractor,30.628,-96.3344,13,P1
tx-college-station-q1,kw:pool,swimming pool builder,30.628,-96.3344,13,P3
tx-college-station-q2,kw:pool,inground pool installation,30.628,-96.3344,13,P3
tx-college-station-q3,kw:pool,fiberglass pool installation,30.628,-96.3344,13,P3
tx-wichita-falls-q0,pool,Swimming pool contractor,33.9137,-98.4934,13,P1
tx-wichita-falls-q1,kw:pool,swimming pool builder,33.9137,-98.4934,13,P3
tx-wichita-falls-q2,kw:pool,inground pool installation,33.9137,-98.4934,13,P3
tx-wichita-falls-q3,kw:pool,fiberglass pool installation,33.9137,-98.4934,13,P3
tx-tyler-q0,pool,Swimming pool contractor,32.3513,-95.3011,13,P1
tx-tyler-q1,kw:pool,swimming pool builder,32.3513,-95.3011,13,P3
tx-tyler-q2,kw:pool,inground pool installation,32.3513,-95.3011,13,P3
tx-tyler-q3,kw:pool,fiberglass pool installation,32.3513,-95.3011,13,P3
tx-san-angelo-q0,pool,Swimming pool contractor,31.4638,-100.437,13,P1
tx-san-angelo-q1,kw:pool,swimming pool builder,31.4638,-100.437,13,P3
tx-san-angelo-q2,kw:pool,inground pool installation,31.4638,-100.437,13,P3
tx-san-angelo-q3,kw:pool,fiberglass pool installation,31.4638,-100.437,13,P3
tx-league-city-q0,pool,Swimming pool contractor,29.5074,-95.0949,13,P1
tx-league-city-q1,kw:pool,swimming pool builder,29.5074,-95.0949,13,P3
tx-league-city-q2,kw:pool,inground pool installation,29.5074,-95.0949,13,P3
tx-league-city-q3,kw:pool,fiberglass pool installation,29.5074,-95.0949,13,P3
tx-the-woodlands-q0,pool,Swimming pool contractor,30.158,-95.4894,13,P1
tx-the-woodlands-q1,kw:pool,swimming pool builder,30.158,-95.4894,13,P3
tx-the-woodlands-q2,kw:pool,inground pool installation,30.158,-95.4894,13,P3
tx-the-woodlands-q3,kw:pool,fiberglass pool installation,30.158,-95.4894,13,P3
tx-sugar-land-q0,pool,Swimming pool contractor,29.6197,-95.635,13,P1
tx-sugar-land-q1,kw:pool,swimming pool builder,29.6197,-95.635,13,P3
tx-sugar-land-q2,kw:pool,inground pool installation,29.6197,-95.635,13,P3
tx-sugar-land-q3,kw:pool,fiberglass pool installation,29.6197,-95.635,13,P3
tx-longview-q0,pool,Swimming pool contractor,32.5007,-94.7405,13,P1
tx-longview-q1,kw:pool,swimming pool builder,32.5007,-94.7405,13,P3
tx-longview-q2,kw:pool,inground pool installation,32.5007,-94.7405,13,P3
tx-longview-q3,kw:pool,fiberglass pool installation,32.5007,-94.7405,13,P3
tx-baytown-q0,pool,Swimming pool contractor,29.7355,-94.9774,13,P1
tx-baytown-q1,kw:pool,swimming pool builder,29.7355,-94.9774,13,P3
tx-baytown-q2,kw:pool,inground pool installation,29.7355,-94.9774,13,P3
tx-baytown-q3,kw:pool,fiberglass pool installation,29.7355,-94.9774,13,P3
tx-temple-q0,pool,Swimming pool contractor,31.0982,-97.3428,13,P1
tx-temple-q1,kw:pool,swimming pool builder,31.0982,-97.3428,13,P3
tx-temple-q2,kw:pool,inground pool installation,31.0982,-97.3428,13,P3
tx-temple-q3,kw:pool,fiberglass pool installation,31.0982,-97.3428,13,P3
tx-new-braunfels-q0,pool,Swimming pool contractor,29.703,-98.1244,13,P1
tx-new-braunfels-q1,kw:pool,swimming pool builder,29.703,-98.1244,13,P3
tx-new-braunfels-q2,kw:pool,inground pool installation,29.703,-98.1244,13,P3
tx-new-braunfels-q3,kw:pool,fiberglass pool installation,29.703,-98.1244,13,P3
tx-victoria-q0,pool,Swimming pool contractor,28.8053,-97.0036,13,P1
tx-victoria-q1,kw:pool,swimming pool builder,28.8053,-97.0036,13,P3
tx-victoria-q2,kw:pool,inground pool installation,28.8053,-97.0036,13,P3
tx-victoria-q3,kw:pool,fiberglass pool installation,28.8053,-97.0036,13,P3
tx-atascocita-q0,pool,Swimming pool contractor,29.9988,-95.1766,13,P1
tx-atascocita-q1,kw:pool,swimming pool builder,29.9988,-95.1766,13,P3
tx-atascocita-q2,kw:pool,inground pool installation,29.9988,-95.1766,13,P3
tx-atascocita-q3,kw:pool,fiberglass pool installation,29.9988,-95.1766,13,P3
tx-harlingen-q0,pool,Swimming pool contractor,26.1906,-97.6961,13,P1
tx-harlingen-q1,kw:pool,swimming pool builder,26.1906,-97.6961,13,P3
tx-harlingen-q2,kw:pool,inground pool installation,26.1906,-97.6961,13,P3
tx-harlingen-q3,kw:pool,fiberglass pool installation,26.1906,-97.6961,13,P3
tx-celina-q0,pool,Swimming pool contractor,33.3246,-96.7844,13,P1
tx-celina-q1,kw:pool,swimming pool builder,33.3246,-96.7844,13,P3
tx-celina-q2,kw:pool,inground pool installation,33.3246,-96.7844,13,P3
tx-celina-q3,kw:pool,fiberglass pool installation,33.3246,-96.7844,13,P3
tx-san-marcos-q0,pool,Swimming pool contractor,29.8833,-97.9414,13,P1
tx-san-marcos-q1,kw:pool,swimming pool builder,29.8833,-97.9414,13,P3
tx-san-marcos-q2,kw:pool,inground pool installation,29.8833,-97.9414,13,P3
tx-san-marcos-q3,kw:pool,fiberglass pool installation,29.8833,-97.9414,13,P3
tx-port-arthur-q0,pool,Swimming pool contractor,29.8852,-93.9423,13,P1
tx-port-arthur-q1,kw:pool,swimming pool builder,29.8852,-93.9423,13,P3
tx-port-arthur-q2,kw:pool,inground pool installation,29.8852,-93.9423,13,P3
tx-port-arthur-q3,kw:pool,fiberglass pool installation,29.8852,-93.9423,13,P3
tx-euless-q0,pool,Swimming pool contractor,32.8371,-97.082,13,P1
tx-euless-q1,kw:pool,swimming pool builder,32.8371,-97.082,13,P3
tx-euless-q2,kw:pool,inground pool installation,32.8371,-97.082,13,P3
tx-euless-q3,kw:pool,fiberglass pool installation,32.8371,-97.082,13,P3
tx-galveston-q0,pool,Swimming pool contractor,29.3013,-94.7977,13,P1
tx-galveston-q1,kw:pool,swimming pool builder,29.3013,-94.7977,13,P3
tx-galveston-q2,kw:pool,inground pool installation,29.3013,-94.7977,13,P3
tx-galveston-q3,kw:pool,fiberglass pool installation,29.3013,-94.7977,13,P3
tx-cedar-hill-q0,pool,Swimming pool contractor,32.5885,-96.9561,13,P1
tx-cedar-hill-q1,kw:pool,swimming pool builder,32.5885,-96.9561,13,P3
tx-cedar-hill-q2,kw:pool,inground pool installation,32.5885,-96.9561,13,P3
tx-cedar-hill-q3,kw:pool,fiberglass pool installation,32.5885,-96.9561,13,P3
tx-huntsville-q0,pool,Swimming pool contractor,30.7235,-95.5508,13,P1
tx-huntsville-q1,kw:pool,swimming pool builder,30.7235,-95.5508,13,P3
tx-huntsville-q2,kw:pool,inground pool installation,30.7235,-95.5508,13,P3
tx-huntsville-q3,kw:pool,fiberglass pool installation,30.7235,-95.5508,13,P3
tx-sherman-q0,pool,Swimming pool contractor,33.6357,-96.6089,13,P1
tx-sherman-q1,kw:pool,swimming pool builder,33.6357,-96.6089,13,P3
tx-sherman-q2,kw:pool,inground pool installation,33.6357,-96.6089,13,P3
tx-sherman-q3,kw:pool,fiberglass pool installation,33.6357,-96.6089,13,P3
tx-lufkin-q0,pool,Swimming pool contractor,31.3382,-94.7291,13,P1
tx-lufkin-q1,kw:pool,swimming pool builder,31.3382,-94.7291,13,P3
tx-lufkin-q2,kw:pool,inground pool installation,31.3382,-94.7291,13,P3
tx-lufkin-q3,kw:pool,fiberglass pool installation,31.3382,-94.7291,13,P3
tx-del-rio-q0,pool,Swimming pool contractor,29.3627,-100.8968,13,P1
tx-del-rio-q1,kw:pool,swimming pool builder,29.3627,-100.8968,13,P3
tx-del-rio-q2,kw:pool,inground pool installation,29.3627,-100.8968,13,P3
tx-del-rio-q3,kw:pool,fiberglass pool installation,29.3627,-100.8968,13,P3
tx-nacogdoches-q0,pool,Swimming pool contractor,31.6035,-94.6555,13,P1
tx-nacogdoches-q1,kw:pool,swimming pool builder,31.6035,-94.6555,13,P3
tx-nacogdoches-q2,kw:pool,inground pool installation,31.6035,-94.6555,13,P3
tx-nacogdoches-q3,kw:pool,fiberglass pool installation,31.6035,-94.6555,13,P3
tx-cleburne-q0,pool,Swimming pool contractor,32.3476,-97.3867,13,P1
tx-cleburne-q1,kw:pool,swimming pool builder,32.3476,-97.3867,13,P3
tx-cleburne-q2,kw:pool,inground pool installation,32.3476,-97.3867,13,P3
tx-cleburne-q3,kw:pool,fiberglass pool installation,32.3476,-97.3867,13,P3
tx-big-spring-q0,pool,Swimming pool contractor,32.2504,-101.4787,13,P1
tx-big-spring-q1,kw:pool,swimming pool builder,32.2504,-101.4787,13,P3
tx-big-spring-q2,kw:pool,inground pool installation,32.2504,-101.4787,13,P3
tx-big-spring-q3,kw:pool,fiberglass pool installation,32.2504,-101.4787,13,P3
tx-eagle-pass-q0,pool,Swimming pool contractor,28.7091,-100.4995,13,P1
tx-eagle-pass-q1,kw:pool,swimming pool builder,28.7091,-100.4995,13,P3
tx-eagle-pass-q2,kw:pool,inground pool installation,28.7091,-100.4995,13,P3
tx-eagle-pass-q3,kw:pool,fiberglass pool installation,28.7091,-100.4995,13,P3
tx-weatherford-q0,pool,Swimming pool contractor,32.7593,-97.7973,13,P1
tx-weatherford-q1,kw:pool,swimming pool builder,32.7593,-97.7973,13,P3
tx-weatherford-q2,kw:pool,inground pool installation,32.7593,-97.7973,13,P3
tx-weatherford-q3,kw:pool,fiberglass pool installation,32.7593,-97.7973,13,P3
tx-lake-jackson-q0,pool,Swimming pool contractor,29.0339,-95.4344,13,P1
tx-lake-jackson-q1,kw:pool,swimming pool builder,29.0339,-95.4344,13,P3
tx-lake-jackson-q2,kw:pool,inground pool installation,29.0339,-95.4344,13,P3
tx-lake-jackson-q3,kw:pool,fiberglass pool installation,29.0339,-95.4344,13,P3
tx-greenville-q0,pool,Swimming pool contractor,33.1384,-96.1108,13,P1
tx-greenville-q1,kw:pool,swimming pool builder,33.1384,-96.1108,13,P3
tx-greenville-q2,kw:pool,inground pool installation,33.1384,-96.1108,13,P3
tx-greenville-q3,kw:pool,fiberglass pool installation,33.1384,-96.1108,13,P3
tx-kingsville-q0,pool,Swimming pool contractor,27.5159,-97.8561,13,P1
tx-kingsville-q1,kw:pool,swimming pool builder,27.5159,-97.8561,13,P3
tx-kingsville-q2,kw:pool,inground pool installation,27.5159,-97.8561,13,P3
tx-kingsville-q3,kw:pool,fiberglass pool installation,27.5159,-97.8561,13,P3
tx-pampa-q0,pool,Swimming pool contractor,35.5362,-100.9599,13,P1
tx-pampa-q1,kw:pool,swimming pool builder,35.5362,-100.9599,13,P3
tx-pampa-q2,kw:pool,inground pool installation,35.5362,-100.9599,13,P3
tx-pampa-q3,kw:pool,fiberglass pool installation,35.5362,-100.9599,13,P3
ut-salt-lake-city-q0,pool,Swimming pool contractor,40.7608,-111.8911,13,P1
ut-salt-lake-city-q1,kw:pool,swimming pool builder,40.7608,-111.8911,13,P3
ut-salt-lake-city-q2,kw:pool,inground pool installation,40.7608,-111.8911,13,P3
ut-salt-lake-city-q3,kw:pool,fiberglass pool installation,40.7608,-111.8911,13,P3
ut-provo-q0,pool,Swimming pool contractor,40.2338,-111.6585,13,P1
ut-provo-q1,kw:pool,swimming pool builder,40.2338,-111.6585,13,P3
ut-provo-q2,kw:pool,inground pool installation,40.2338,-111.6585,13,P3
ut-provo-q3,kw:pool,fiberglass pool installation,40.2338,-111.6585,13,P3
ut-ogden-q0,pool,Swimming pool contractor,41.223,-111.9738,13,P1
ut-ogden-q1,kw:pool,swimming pool builder,41.223,-111.9738,13,P3
ut-ogden-q2,kw:pool,inground pool installation,41.223,-111.9738,13,P3
ut-ogden-q3,kw:pool,fiberglass pool installation,41.223,-111.9738,13,P3
ut-saint-george-q0,pool,Swimming pool contractor,37.1041,-113.5841,13,P1
ut-saint-george-q1,kw:pool,swimming pool builder,37.1041,-113.5841,13,P3
ut-saint-george-q2,kw:pool,inground pool installation,37.1041,-113.5841,13,P3
ut-saint-george-q3,kw:pool,fiberglass pool installation,37.1041,-113.5841,13,P3
ut-logan-q0,pool,Swimming pool contractor,41.7355,-111.8344,13,P1
ut-logan-q1,kw:pool,swimming pool builder,41.7355,-111.8344,13,P3
ut-logan-q2,kw:pool,inground pool installation,41.7355,-111.8344,13,P3
ut-logan-q3,kw:pool,fiberglass pool installation,41.7355,-111.8344,13,P3
ut-draper-q0,pool,Swimming pool contractor,40.5247,-111.8638,13,P1
ut-draper-q1,kw:pool,swimming pool builder,40.5247,-111.8638,13,P3
ut-draper-q2,kw:pool,inground pool installation,40.5247,-111.8638,13,P3
ut-draper-q3,kw:pool,fiberglass pool installation,40.5247,-111.8638,13,P3
ut-tooele-q0,pool,Swimming pool contractor,40.5308,-112.2983,13,P1
ut-tooele-q1,kw:pool,swimming pool builder,40.5308,-112.2983,13,P3
ut-tooele-q2,kw:pool,inground pool installation,40.5308,-112.2983,13,P3
ut-tooele-q3,kw:pool,fiberglass pool installation,40.5308,-112.2983,13,P3
ut-cedar-city-q0,pool,Swimming pool contractor,37.6775,-113.0619,13,P1
ut-cedar-city-q1,kw:pool,swimming pool builder,37.6775,-113.0619,13,P3
ut-cedar-city-q2,kw:pool,inground pool installation,37.6775,-113.0619,13,P3
ut-cedar-city-q3,kw:pool,fiberglass pool installation,37.6775,-113.0619,13,P3
ut-eagle-mountain-q0,pool,Swimming pool contractor,40.3141,-112.0069,13,P1
ut-eagle-mountain-q1,kw:pool,swimming pool builder,40.3141,-112.0069,13,P3
ut-eagle-mountain-q2,kw:pool,inground pool installation,40.3141,-112.0069,13,P3
ut-eagle-mountain-q3,kw:pool,fiberglass pool installation,40.3141,-112.0069,13,P3
va-virginia-beach-q0,pool,Swimming pool contractor,36.8529,-75.978,13,P1
va-virginia-beach-q1,kw:pool,swimming pool builder,36.8529,-75.978,13,P3
va-virginia-beach-q2,kw:pool,inground pool installation,36.8529,-75.978,13,P3
va-virginia-beach-q3,kw:pool,fiberglass pool installation,36.8529,-75.978,13,P3
va-norfolk-q0,pool,Swimming pool contractor,36.8468,-76.2852,13,P1
va-norfolk-q1,kw:pool,swimming pool builder,36.8468,-76.2852,13,P3
va-norfolk-q2,kw:pool,inground pool installation,36.8468,-76.2852,13,P3
va-norfolk-q3,kw:pool,fiberglass pool installation,36.8468,-76.2852,13,P3
va-richmond-q0,pool,Swimming pool contractor,37.5538,-77.4603,13,P1
va-richmond-q1,kw:pool,swimming pool builder,37.5538,-77.4603,13,P3
va-richmond-q2,kw:pool,inground pool installation,37.5538,-77.4603,13,P3
va-richmond-q3,kw:pool,fiberglass pool installation,37.5538,-77.4603,13,P3
va-roanoke-q0,pool,Swimming pool contractor,37.271,-79.9414,13,P1
va-roanoke-q1,kw:pool,swimming pool builder,37.271,-79.9414,13,P3
va-roanoke-q2,kw:pool,inground pool installation,37.271,-79.9414,13,P3
va-roanoke-q3,kw:pool,fiberglass pool installation,37.271,-79.9414,13,P3
va-suffolk-q0,pool,Swimming pool contractor,36.7284,-76.585,13,P1
va-suffolk-q1,kw:pool,swimming pool builder,36.7284,-76.585,13,P3
va-suffolk-q2,kw:pool,inground pool installation,36.7284,-76.585,13,P3
va-suffolk-q3,kw:pool,fiberglass pool installation,36.7284,-76.585,13,P3
va-lynchburg-q0,pool,Swimming pool contractor,37.4138,-79.1423,13,P1
va-lynchburg-q1,kw:pool,swimming pool builder,37.4138,-79.1423,13,P3
va-lynchburg-q2,kw:pool,inground pool installation,37.4138,-79.1423,13,P3
va-lynchburg-q3,kw:pool,fiberglass pool installation,37.4138,-79.1423,13,P3
va-centreville-q0,pool,Swimming pool contractor,38.8404,-77.4289,13,P1
va-centreville-q1,kw:pool,swimming pool builder,38.8404,-77.4289,13,P3
va-centreville-q2,kw:pool,inground pool installation,38.8404,-77.4289,13,P3
va-centreville-q3,kw:pool,fiberglass pool installation,38.8404,-77.4289,13,P3
va-harrisonburg-q0,pool,Swimming pool contractor,38.4496,-78.8689,13,P1
va-harrisonburg-q1,kw:pool,swimming pool builder,38.4496,-78.8689,13,P3
va-harrisonburg-q2,kw:pool,inground pool installation,38.4496,-78.8689,13,P3
va-harrisonburg-q3,kw:pool,fiberglass pool installation,38.4496,-78.8689,13,P3
va-leesburg-q0,pool,Swimming pool contractor,39.1157,-77.5636,13,P1
va-leesburg-q1,kw:pool,swimming pool builder,39.1157,-77.5636,13,P3
va-leesburg-q2,kw:pool,inground pool installation,39.1157,-77.5636,13,P3
va-leesburg-q3,kw:pool,fiberglass pool installation,39.1157,-77.5636,13,P3
va-charlottesville-q0,pool,Swimming pool contractor,38.0293,-78.4767,13,P1
va-charlottesville-q1,kw:pool,swimming pool builder,38.0293,-78.4767,13,P3
va-charlottesville-q2,kw:pool,inground pool installation,38.0293,-78.4767,13,P3
va-charlottesville-q3,kw:pool,fiberglass pool installation,38.0293,-78.4767,13,P3
va-blacksburg-q0,pool,Swimming pool contractor,37.2296,-80.4139,13,P1
va-blacksburg-q1,kw:pool,swimming pool builder,37.2296,-80.4139,13,P3
va-blacksburg-q2,kw:pool,inground pool installation,37.2296,-80.4139,13,P3
va-blacksburg-q3,kw:pool,fiberglass pool installation,37.2296,-80.4139,13,P3
va-danville-q0,pool,Swimming pool contractor,36.586,-79.395,13,P1
va-danville-q1,kw:pool,swimming pool builder,36.586,-79.395,13,P3
va-danville-q2,kw:pool,inground pool installation,36.586,-79.395,13,P3
va-danville-q3,kw:pool,fiberglass pool installation,36.586,-79.395,13,P3
va-petersburg-q0,pool,Swimming pool contractor,37.2279,-77.4019,13,P1
va-petersburg-q1,kw:pool,swimming pool builder,37.2279,-77.4019,13,P3
va-petersburg-q2,kw:pool,inground pool installation,37.2279,-77.4019,13,P3
va-petersburg-q3,kw:pool,fiberglass pool installation,37.2279,-77.4019,13,P3
va-fredericksburg-q0,pool,Swimming pool contractor,38.3032,-77.4605,13,P1
va-fredericksburg-q1,kw:pool,swimming pool builder,38.3032,-77.4605,13,P3
va-fredericksburg-q2,kw:pool,inground pool installation,38.3032,-77.4605,13,P3
va-fredericksburg-q3,kw:pool,fiberglass pool installation,38.3032,-77.4605,13,P3
va-winchester-q0,pool,Swimming pool contractor,39.1857,-78.1633,13,P1
va-winchester-q1,kw:pool,swimming pool builder,39.1857,-78.1633,13,P3
va-winchester-q2,kw:pool,inground pool installation,39.1857,-78.1633,13,P3
va-winchester-q3,kw:pool,fiberglass pool installation,39.1857,-78.1633,13,P3
